COMPOUND_ID,source_library,amine_fragment_smiles,amine_fragment_id,has_azole,aromatic_N_count,aliphatic_amine_count,coupling_likely_ok,product_linkage_type,handle_origin_amine
CMPD_001,SA,NCc1nccs1,17229,False,1,1,True,amide,native_amine
CMPD_002,SA,CN[C@H]1CO[C@H]([C@@H](O)Cc2c(F)cnc3ccc(OC)cc23)OC1,19582,False,1,1,True,amide,native_amine
CMPD_003,SA,NCCCNc1cc(O)c2ccccc2n1,18439,False,1,2,True,amide,native_amine
CMPD_004,SA,CNc1ccon1,17974,False,1,1,True,amide,native_amine
CMPD_005,SA,CN[C@H]1CO[C@H](CCc2ccnc3ccc(OC)cc23)OC1,14294,False,1,1,True,amide,native_amine
CMPD_006,SA,NS(=O)(=O)Nc1ccc(-n2ccc(C(F)(F)F)n2)cc1,10346,False,2,2,True,amide,native_amine
CMPD_007,SA,CNCCCNc1nc2ccccc2[nH]1,17916,True,2,2,True,amide,native_amine
CMPD_009,SA,CNCCCNc1nc2ccccc2[nH]1,17916,True,2,2,True,amide,native_amine
CMPD_012,SA,Nc1c[nH]c2ccccc12,13012,False,1,1,True,amide,native_amine
CMPD_013,SA,CN[C@H]1CO[C@H]([C@@H](O)Cc2c(F)cnc3ccc(OC)nc23)OC1,14487,False,2,1,True,amide,native_amine
CMPD_020,SA,Cc1ncsc1-c1ccnc(NC(=N)N)n1,16658,False,3,2,True,amide,native_amine
CMPD_021,SA,Nc1c[nH]c2ccccc12,13012,False,1,1,True,amide,native_amine
CMPD_022,SA,CC(C)CCn1cc(NC=O)cc1C(=O)NCCC(=N)N,17700,False,1,1,True,amide,native_amine
CMPD_023,SA,O=C1NC[C@H](CNc2ccon2)O1,17972,False,1,1,True,amide,native_amine
CMPD_024,SA,CN[C@H]1CO[C@H]([C@@H](O)Cc2c(F)cnc3ccc(OC)nc23)OC1,14487,False,2,1,True,amide,native_amine
CMPD_025,SA,NCCCNc1cc(O)c2ccccc2n1,18439,False,1,2,True,amide,native_amine
CMPD_026,SA,CN[C@H]1CO[C@H]([C@@H](O)Cc2c(F)cnc3ccc(OC)cc23)OC1,19582,False,1,1,True,amide,native_amine
CMPD_028,SA,CN[C@H]1CO[C@H](CCc2ccnc3ccc(OC)cc23)OC1,14294,False,1,1,True,urea,native_amine
CMPD_032,SA,CN[C@H]1CO[C@H](CCc2ccnc3ccc(OC)cc23)OC1,14294,False,1,1,True,amide,native_amine
CMPD_033,SA,Cc1ncsc1-c1ccnc(NC(=N)N)n1,16658,False,3,2,True,amide,native_amine
CMPD_034,SA,Nc1c[nH]c2ccccc12,13012,False,1,1,True,urea,native_amine
CMPD_035,SA,NS(=O)(=O)Nc1ccc(-n2ccc(C(F)(F)F)n2)cc1,10346,False,2,2,True,amide,native_amine
CMPD_038,SA,CNCCCNc1nc2ccccc2[nH]1,17916,True,2,2,True,urea,native_amine
CMPD_040,SA,O=C1NC[C@H](CNc2ccon2)O1,17972,False,1,1,True,amide,native_amine
CMPD_045,SA,CNc1ccon1,17974,False,1,1,True,urea,native_amine
CMPD_049,SA,NCc1nccs1,17229,False,1,1,True,urea,native_amine
CMPD_053,SA,NCc1nccs1,17229,False,1,1,True,amide,native_amine
CMPD_054,SA,NCc1nccs1,17229,False,1,1,True,urea,native_amine
CMPD_055,SA,CNc1ccon1,17974,False,1,1,True,amide,native_amine
CMPD_057,SA,NCCCNc1cc(O)c2ccccc2n1,18439,False,1,2,True,urea,native_amine
CMPD_060,SA,CNc1ccon1,17974,False,1,1,True,urea,native_amine
CMPD_065,SA,CC(C)CCn1cc(NC=O)cc1C(=O)NCCC(=N)N,17700,False,1,1,True,amide,native_amine
CMPD_069,SA,O=C1NC[C@H](CNc2ccon2)O1,17972,False,1,1,True,urea,native_amine
CMPD_070,SA,Nc1c[nH]c2ccccc12,13012,False,1,1,True,urea,native_amine
CMPD_071,SA,CN[C@H]1CO[C@H]([C@@H](O)Cc2c(F)cnc3ccc(OC)cc23)OC1,19582,False,1,1,True,urea,native_amine
CMPD_073,SA,O=C1NC[C@H](CNc2ccon2)O1,17972,False,1,1,True,urea,native_amine
CMPD_076,SA,NS(=O)(=O)Nc1ccc(-n2ccc(C(F)(F)F)n2)cc1,10346,False,2,2,True,urea,native_amine
CMPD_081,SA,Cc1ncsc1-c1ccnc(NC(=N)N)n1,16658,False,3,2,True,urea,native_amine
CMPD_084,SA,CN[C@H]1CO[C@H]([C@@H](O)Cc2c(F)cnc3ccc(OC)nc23)OC1,14487,False,2,1,True,urea,native_amine
CMPD_086,SA,CNCCCNc1nc2ccccc2[nH]1,17916,True,2,2,True,urea,native_amine
CMPD_087,SA,CN[C@H]1CO[C@H](CCc2ccnc3ccc(OC)cc23)OC1,14294,False,1,1,True,urea,native_amine
CMPD_091,SA,CC(C)CCn1cc(NC=O)cc1C(=O)NCCC(=N)N,17700,False,1,1,True,urea,native_amine
CMPD_093,SA,NCCCNc1cc(O)c2ccccc2n1,18439,False,1,2,True,urea,native_amine
CMPD_095,SA,Cc1ncsc1-c1ccnc(NC(=N)N)n1,16658,False,3,2,True,urea,native_amine
CMPD_096,SA,CN[C@H]1CO[C@H]([C@@H](O)Cc2c(F)cnc3ccc(OC)nc23)OC1,14487,False,2,1,True,urea,native_amine
CMPD_098,SA,CN[C@H]1CO[C@H]([C@@H](O)Cc2c(F)cnc3ccc(OC)cc23)OC1,19582,False,1,1,True,urea,native_amine
CMPD_099,SA,NS(=O)(=O)Nc1ccc(-n2ccc(C(F)(F)F)n2)cc1,10346,False,2,2,True,urea,native_amine
CMPD_100,SA,CC(C)CCn1cc(NC=O)cc1C(=O)NCCC(=N)N,17700,False,1,1,True,urea,native_amine
CMPD_113,EC,Cc1ccc2[nH]c(NCCC#N)nc2n1,205873,True,3,1,True,amide,native_amine
CMPD_116,EC,Cc1noc(NS(=O)(=O)c2ccccc2)c1C,210895,False,1,1,True,amide,native_amine
CMPD_124,EC,Cc1noc(NS(=O)(=O)c2ccccc2)c1C,210895,False,1,1,True,amide,native_amine
CMPD_128,EC,Nc1ncc2cc(-c3c(Cl)cccc3Cl)cnc2n1,208912,False,3,1,True,urea,native_amine
CMPD_136,EC,Nc1ncc2cc(-c3c(Cl)cccc3Cl)cnc2n1,208912,False,3,1,True,amide,native_amine
CMPD_137,EC,Cc1ccc2[nH]c(NCCC#N)nc2n1,205873,True,3,1,True,amide,native_amine
CMPD_138,EC,Cc1noc(NS(=O)(=O)c2ccccc2)c1C,210895,False,1,1,True,urea,native_amine
CMPD_140,EC,Nc1ccc2cnc(N)nc2n1,209076,False,3,2,True,amide,native_amine
CMPD_144,EC,Nc1ncc2cc(-c3c(Cl)cccc3Cl)cnc2n1,208912,False,3,1,True,amide,native_amine
CMPD_148,EC,CC(C)C(ON)c1cc(=O)c(O)cn1O,208899,False,1,1,True,amide,native_amine
CMPD_151,EC,Cc1noc(NS(=O)(=O)c2ccccc2)c1C,210895,False,1,1,True,urea,native_amine
CMPD_155,EC,Nc1ccc2cnc(N)nc2n1,209076,False,3,2,True,amide,native_amine
CMPD_156,EC,Nc1ncc2cc(-c3c(Cl)cccc3Cl)cnc2n1,208912,False,3,1,True,urea,native_amine
CMPD_157,EC,Cc1ccc2[nH]c(NCCC#N)nc2n1,205873,True,3,1,True,urea,native_amine
CMPD_162,EC,Cc1ccc2[nH]c(NCCC#N)nc2n1,205873,True,3,1,True,urea,native_amine
CMPD_164,EC,CC(C)C(ON)c1cc(=O)c(O)cn1O,208899,False,1,1,True,amide,native_amine
CMPD_169,EC,NOCc1cc(=O)c(O)cn1O,206970,False,1,1,True,amide,native_amine
CMPD_170,EC,NOCc1cc(=O)c(O)cn1O,206970,False,1,1,True,amide,native_amine
CMPD_173,EC,N=Nc1sc(N)nc1-c1ccc(NC(=O)c2ccccc2)cc1,205552,False,1,1,True,urea,native_amine
CMPD_174,EC,N=Nc1sc(N)nc1-c1ccc(NC(=O)c2ccccc2)cc1,205552,False,1,1,True,amide,native_amine
CMPD_176,EC,Nc1ccc2cnc(N)nc2n1,209076,False,3,2,True,urea,native_amine
CMPD_181,EC,Nc1ccc2cnc(N)nc2n1,209076,False,3,2,True,urea,native_amine
CMPD_183,EC,N=Nc1sc(N)nc1-c1ccc(NC(=O)c2ccccc2)cc1,205552,False,1,1,True,amide,native_amine
CMPD_184,EC,CC(C)C(ON)c1cc(=O)c(O)cn1O,208899,False,1,1,True,urea,native_amine
CMPD_189,EC,NOCc1cc(=O)c(O)cn1O,206970,False,1,1,True,urea,native_amine
CMPD_190,EC,NOCc1cc(=O)c(O)cn1O,206970,False,1,1,True,urea,native_amine
CMPD_195,EC,CC(C)C(ON)c1cc(=O)c(O)cn1O,208899,False,1,1,True,urea,native_amine
CMPD_200,EC,N=Nc1sc(N)nc1-c1ccc(NC(=O)c2ccccc2)cc1,205552,False,1,1,True,urea,native_amine
CMPD_202,CA,C1=C(Nc2ccccc2)Cc2cnccc2C1,208567,False,1,1,True,amide,native_amine
CMPD_204,CA,Clc1ccc(/C=N/Nc2nccs2)c(Cl)c1,231688,False,1,1,True,amide,native_amine
CMPD_206,CA,c1ccc(NCCc2cccnc2)cc1,208566,False,1,1,True,amide,native_amine
CMPD_216,CA,c1ccc(-c2nc3cc(NCc4ccco4)ccc3o2)cc1,159502,False,1,1,True,amide,native_amine
CMPD_221,CA,CC1=C(N)c2nc3ccccc3n2C1,230069,True,2,1,True,amide,native_amine
CMPD_226,CA,c1ccc(CNCCCn2cncn2)cc1,227011,True,3,1,True,amide,native_amine
CMPD_228,CA,c1ccc(NCNNCc2ccncc2)cc1,184275,False,1,3,True,amide,native_amine
CMPD_230,CA,c1ccc(-c2nc3cc(NCc4cc5ccccc5o4)ccc3o2)cc1,159503,False,1,1,True,amide,native_amine
CMPD_231,CA,CCC(C)c1nc2cc(C(=N)N)ccc2[nH]1,231492,True,2,1,True,amide,native_amine
CMPD_250,CA,c1csc(NN=C2CCNCC2)n1,223993,False,1,2,True,amide,native_amine
CMPD_257,CA,NCNCC(=O)c1nccs1,229423,False,1,2,True,amide,native_amine
CMPD_264,CA,C/C(CCC(=O)O)=N\Nc1nccs1,231054,False,1,1,True,amide,native_amine
CMPD_270,CA,C/C(=N\Nc1nccs1)C(=O)O,227901,False,1,1,True,amide,native_amine
CMPD_276,CA,NCNCC(=O)c1nccs1,229423,False,1,2,True,amide,native_amine
CMPD_283,CA,C/C(=N\Nc1nccs1)C(=O)O,227901,False,1,1,True,amide,native_amine
CMPD_284,CA,NCNCC(=O)c1nccs1,229423,False,1,2,True,amide,native_amine
CMPD_286,CA,C/C(=N\Nc1nccs1)C(=O)O,227901,False,1,1,True,amide,native_amine
CMPD_289,CA,Nc1nccc(-c2ccc(-n3cnnn3)cc2)n1,234013,False,6,1,True,amide,native_amine
CMPD_292,CA,CC(C)COC(=O)[C@H](Cn1ccnc1)NC(=O)C(N)S,227123,True,2,1,True,amide,native_amine
CMPD_293,CA,CC(C)OC(=O)[C@H](Cn1ccnc1)NC(=O)CNO,231465,True,2,1,True,amide,native_amine
CMPD_294,CA,CC(C)OC(=O)[C@H](Cn1ccnc1)NC(=O)C(N)S,231367,True,2,1,True,amide,native_amine
CMPD_298,CA,CC(C)COC(=O)[C@H](Cn1ccnc1)NC(=O)C(N)S,227123,True,2,1,True,amide,native_amine
CMPD_299,CA,N[C@H](Cc1c[nH]cn1)C[N+](=O)[O-],230169,True,2,1,True,amide,native_amine
CMPD_300,CA,CC(C)COC(=O)[C@H](Cn1ccnc1)NC(=O)C(N)S,227123,True,2,1,True,amide,native_amine
CMPD_303,SA_EC,NCCc1nnc(S)n1Cc1ccccc1,10717,True,3,1,True,amide,native_amine
CMPD_304,SA_EC,NCCc1nnc(S)n1Cc1ccccc1,10717,True,3,1,True,amide,native_amine
CMPD_305,SA_EC,S=C(Nc1ccnc2cc(Cl)ccc12)N1CCNCC1,108462,False,1,2,True,amide,native_amine
CMPD_313,SA_EC,NCCc1nnc(S)n1Cc1ccccc1,10717,True,3,1,True,amide,native_amine
CMPD_314,SA_EC,CCn1cc(C(=O)O)c(=O)c2c(N)c(F)cc(F)c21,11674,False,1,1,True,amide,native_amine
CMPD_319,SA_EC,S=C(Nc1ccnc2cc(Cl)ccc12)N1CCNCC1,108462,False,1,2,True,amide,native_amine
CMPD_320,SA_EC,NCCc1nnc(S)n1Cc1ccccc1,10717,True,3,1,True,amide,native_amine
CMPD_334,SA_EC,S=C(Nc1ccnc2cc(Cl)ccc12)N1CCNCC1,108462,False,1,2,True,amide,native_amine
CMPD_336,SA_EC,CCn1cc(C(=O)O)c(=O)c2c(N)c(F)cc(F)c21,11674,False,1,1,True,amide,native_amine
CMPD_337,SA_EC,CCn1cc(C(=O)O)c(=O)c2c(N)c(F)cc(F)c21,11674,False,1,1,True,amide,native_amine
CMPD_339,SA_EC,CCn1cc(C(=O)O)c(=O)c2c(N)c(F)cc(F)c21,11674,False,1,1,True,amide,native_amine
CMPD_348,SA_EC,S=CNc1ccnc2cc(Cl)ccc12,108465,False,1,1,True,amide,native_amine
CMPD_362,SA_EC,S=CNc1ccnc2cc(Cl)ccc12,108465,False,1,1,True,amide,native_amine
CMPD_376,SA_EC,S=C(Nc1ccnc2cc(Cl)ccc12)N1CCNCC1,108462,False,1,2,True,amide,native_amine
CMPD_390,SA_EC,S=CNc1ccnc2cc(Cl)ccc12,108465,False,1,1,True,amide,native_amine
CMPD_397,SA_EC,S=CNc1ccnc2cc(Cl)ccc12,108465,False,1,1,True,amide,native_amine
CMPD_414,SA_CA,CCC#Cc1c(C)nc(N)nc1N,112271,False,2,2,True,amide,native_amine
CMPD_417,SA_CA,CCC#Cc1c(C)nc(N)nc1N,112271,False,2,2,True,amide,native_amine
CMPD_426,SA_CA,CCC#Cc1c(C)nc(N)nc1N,112271,False,2,2,True,amide,native_amine
CMPD_434,SA_CA,CCC#Cc1c(C)nc(N)nc1N,112271,False,2,2,True,amide,native_amine
CMPD_471,SA_CA,c1ccc(CCCNCCCNCCCCCCNCCCNCCc2cc[nH]c2)cc1,162836,False,1,4,True,amide,native_amine
CMPD_478,SA_CA,c1ccc(CCCNCCCNCCCCCCNCCCNCCc2c[nH]c3ccccc23)cc1,162839,False,1,4,True,amide,native_amine
CMPD_479,SA_CA,c1ccc(CCCNCCCNCCCCCCCCCCNCCCNCCc2cc[nH]c2)cc1,165968,False,1,4,True,amide,native_amine
CMPD_481,SA_CA,c1ccc(CCCNCCCNCCCCCCCCCCNCCCNCCc2c[nH]c3ccccc23)cc1,165971,False,1,4,True,amide,native_amine
CMPD_486,SA_CA,c1ccc(CCCNCCCNCCCCCCNCCCNCCc2cc[nH]c2)cc1,162836,False,1,4,True,amide,native_amine
CMPD_488,SA_CA,c1ccc(CCCNCCCNCCCCCCNCCCNCCc2cc[nH]c2)cc1,162836,False,1,4,True,amide,native_amine
CMPD_490,SA_CA,c1ccc(CCCNCCCNCCCCCCNCCCNCCc2cc[nH]c2)cc1,162836,False,1,4,True,amide,native_amine
CMPD_492,SA_CA,c1ccc(CCCNCCCNCCCCCCNCCCNCCc2c[nH]c3ccccc23)cc1,162839,False,1,4,True,amide,native_amine
CMPD_493,SA_CA,c1ccc(CCCNCCCNCCCCCCCCCCNCCCNCCc2cc[nH]c2)cc1,165968,False,1,4,True,amide,native_amine
CMPD_494,SA_CA,c1ccc(CCCNCCCNCCCCCCNCCCNCCc2c[nH]c3ccccc23)cc1,162839,False,1,4,True,amide,native_amine
CMPD_495,SA_CA,c1ccc(CCCNCCCNCCCCCCCCCCNCCCNCCc2cc[nH]c2)cc1,165968,False,1,4,True,amide,native_amine
CMPD_496,SA_CA,c1ccc(CCCNCCCNCCCCCCNCCCNCCc2c[nH]c3ccccc23)cc1,162839,False,1,4,True,amide,native_amine
CMPD_497,SA_CA,c1ccc(CCCNCCCNCCCCCCCCCCNCCCNCCc2cc[nH]c2)cc1,165968,False,1,4,True,amide,native_amine
CMPD_498,SA_CA,c1ccc(CCCNCCCNCCCCCCCCCCNCCCNCCc2c[nH]c3ccccc23)cc1,165971,False,1,4,True,amide,native_amine
CMPD_499,SA_CA,c1ccc(CCCNCCCNCCCCCCCCCCNCCCNCCc2c[nH]c3ccccc23)cc1,165971,False,1,4,True,amide,native_amine
CMPD_500,SA_CA,c1ccc(CCCNCCCNCCCCCCCCCCNCCCNCCc2c[nH]c3ccccc23)cc1,165971,False,1,4,True,amide,native_amine
CMPD_501,CA_EC,c1csc(NCN[C@H]2CCCCO2)n1,205366,False,1,2,True,amide,native_amine
CMPD_503,CA_EC,C1=NNCN1c1nncs1,206371,False,2,1,True,amide,native_amine
CMPD_515,CA_EC,C1=CC(c2cnn(-c3ccccc3)c2)CCN1,206070,False,2,1,True,amide,native_amine
CMPD_516,CA_EC,C1=NNCN1c1nncs1,206371,False,2,1,True,amide,native_amine
CMPD_518,CA_EC,c1csc(NCN[C@H]2CCCCO2)n1,205366,False,1,2,True,amide,native_amine
CMPD_520,CA_EC,c1ccc(NC2=C(Cc3cn[nH]c3)CCCC2)cc1,206067,True,2,1,True,amide,native_amine
CMPD_522,CA_EC,c1ccc(-c2csc(NCN[C@H]3CCCCO3)n2)cc1,205367,False,1,2,True,amide,native_amine
CMPD_524,CA_EC,C1=NNCN1c1nncs1,206371,False,2,1,True,amide,native_amine
CMPD_525,CA_EC,c1csc(NCN[C@H]2CCCCO2)n1,205366,False,1,2,True,amide,native_amine
CMPD_526,CA_EC,C(=CNc1ccccc1)Cc1cnn(-c2ccccc2)c1,206062,False,2,1,True,amide,native_amine
CMPD_529,CA_EC,c1ccc(-n2cc(C3CCNC4=C3CCCC4)cn2)cc1,206064,False,2,1,True,amide,native_amine
CMPD_532,CA_EC,c1ccc(NC2=C(Cc3cn[nH]c3)CCCC2)cc1,206067,True,2,1,True,amide,native_amine
CMPD_534,CA_EC,c1ccc(-c2csc(NCN[C@H]3CCCCO3)n2)cc1,205367,False,1,2,True,amide,native_amine
CMPD_536,CA_EC,c1ccc(NC2=C(Cc3cnn(-c4ccccc4)c3)CCCC2)cc1,206056,False,2,1,True,amide,native_amine
CMPD_539,CA_EC,C1=NNCN1c1nncs1,206371,False,2,1,True,amide,native_amine
CMPD_541,CA_EC,C1=CC(c2cnn(-c3ccccc3)c2)CCN1,206070,False,2,1,True,amide,native_amine
CMPD_545,CA_EC,C(=CNc1ccccc1)Cc1cnn(-c2ccccc2)c1,206062,False,2,1,True,amide,native_amine
CMPD_546,CA_EC,c1ccc(-n2cc(C3CCNC4=C3CCCC4)cn2)cc1,206064,False,2,1,True,amide,native_amine
CMPD_547,CA_EC,C1=CC(c2cnn(-c3ccccc3)c2)CCN1,206070,False,2,1,True,amide,native_amine
CMPD_549,CA_EC,c1ccc(-n2cc(C3CCNC4=C3CCCC4)cn2)cc1,206064,False,2,1,True,amide,native_amine
CMPD_555,CA_EC,C(=CNc1ccccc1)Cc1cnn(-c2ccccc2)c1,206062,False,2,1,True,amide,native_amine
CMPD_558,CA_EC,c1ccc(NC2=C(Cc3cn[nH]c3)CCCC2)cc1,206067,True,2,1,True,amide,native_amine
CMPD_561,CA_EC,c1ccc(NC2=C(Cc3cnn(-c4ccccc4)c3)CCCC2)cc1,206056,False,2,1,True,amide,native_amine
CMPD_565,CA_EC,c1ccc(NC2=C(Cc3cnn(-c4ccccc4)c3)CCCC2)cc1,206056,False,2,1,True,amide,native_amine
CMPD_567,CA_EC,c1ccc(-c2csc(NCN[C@H]3CCCCO3)n2)cc1,205367,False,1,2,True,amide,native_amine
CMPD_570,CA_EC,C1=CC(c2cnn(-c3ccccc3)c2)CCN1,206070,False,2,1,True,amide,native_amine
CMPD_580,CA_EC,c1ccc(-n2cc(C3CCNC4=C3CCCC4)cn2)cc1,206064,False,2,1,True,amide,native_amine
CMPD_582,CA_EC,c1csc(NCN[C@H]2CCCCO2)n1,205366,False,1,2,True,amide,native_amine
CMPD_583,CA_EC,C(=CNc1ccccc1)Cc1cnn(-c2ccccc2)c1,206062,False,2,1,True,amide,native_amine
CMPD_584,CA_EC,c1ccc(NC2=C(Cc3cn[nH]c3)CCCC2)cc1,206067,True,2,1,True,amide,native_amine
CMPD_586,CA_EC,c1ccc(-c2csc(NCN[C@H]3CCCCO3)n2)cc1,205367,False,1,2,True,amide,native_amine
CMPD_590,CA_EC,c1ccc(NC2=C(Cc3cnn(-c4ccccc4)c3)CCCC2)cc1,206056,False,2,1,True,amide,native_amine
