COMPOUND_ID,SMILES,ensemble_prediction,prediction,prediction_std,n_models,individual_predictions,ensemble_agreement,reliability_status,decision_scenario,decision_scenario_description,recommended_action,reliability_confidence,reliability_fragments_total,reliability_fragments_consistent,reliability_consistency_pct,reliability_avg_attribution,xai_method,xai_failure_reason,murcko_substructure_0_attribution,murcko_substructure_1_attribution,murcko_substructure_2_attribution,murcko_substructure_3_attribution,murcko_substructure_4_attribution,murcko_substructure_5_attribution,murcko_substructure_6_attribution,murcko_substructure_7_attribution,murcko_substructure_8_attribution,murcko_substructure_9_attribution,murcko_substructure_10_attribution,murcko_substructure_11_attribution,murcko_substructure_12_attribution,murcko_substructure_13_attribution,murcko_substructure_14_attribution,murcko_substructure_15_attribution,murcko_substructure_16_attribution,murcko_substructure_0_smiles,murcko_substructure_1_smiles,murcko_substructure_2_smiles,murcko_substructure_3_smiles,murcko_substructure_4_smiles,murcko_substructure_5_smiles,murcko_substructure_6_smiles,murcko_substructure_7_smiles,murcko_substructure_8_smiles,murcko_substructure_9_smiles,murcko_substructure_10_smiles,murcko_substructure_11_smiles,murcko_substructure_12_smiles,murcko_substructure_13_smiles,murcko_substructure_14_smiles,murcko_substructure_15_smiles,murcko_substructure_16_smiles,murcko_substituent_0_0_smiles,murcko_substituent_0_0_context,murcko_substituent_0_0_attribution,murcko_substituent_0_1_smiles,murcko_substituent_0_1_context,murcko_substituent_0_1_attribution,murcko_substituent_0_2_smiles,murcko_substituent_0_2_context,murcko_substituent_0_2_attribution,murcko_substituent_0_3_smiles,murcko_substituent_0_3_context,murcko_substituent_0_3_attribution,murcko_substituent_1_0_smiles,murcko_substituent_1_0_context,murcko_substituent_1_0_attribution,murcko_substituent_1_1_smiles,murcko_substituent_1_1_context,murcko_substituent_1_1_attribution,murcko_substituent_1_2_smiles,murcko_substituent_1_2_context,murcko_substituent_1_2_attribution,murcko_substituent_1_3_smiles,murcko_substituent_1_3_context,murcko_substituent_1_3_attribution,murcko_substituent_2_0_smiles,murcko_substituent_2_0_context,murcko_substituent_2_0_attribution,murcko_substituent_2_1_smiles,murcko_substituent_2_1_context,murcko_substituent_2_1_attribution,murcko_substituent_2_2_smiles,murcko_substituent_2_2_context,murcko_substituent_2_2_attribution,murcko_substituent_2_3_smiles,murcko_substituent_2_3_context,murcko_substituent_2_3_attribution,murcko_substituent_3_0_smiles,murcko_substituent_3_0_context,murcko_substituent_3_0_attribution,murcko_substituent_3_1_smiles,murcko_substituent_3_1_context,murcko_substituent_3_1_attribution,murcko_substituent_3_2_smiles,murcko_substituent_3_2_context,murcko_substituent_3_2_attribution,murcko_substituent_3_3_smiles,murcko_substituent_3_3_context,murcko_substituent_3_3_attribution,murcko_substituent_3_4_smiles,murcko_substituent_3_4_context,murcko_substituent_3_4_attribution,murcko_substituent_3_5_smiles,murcko_substituent_3_5_context,murcko_substituent_3_5_attribution,murcko_substituent_4_0_smiles,murcko_substituent_4_0_context,murcko_substituent_4_0_attribution,murcko_substituent_4_1_smiles,murcko_substituent_4_1_context,murcko_substituent_4_1_attribution,murcko_substituent_4_2_smiles,murcko_substituent_4_2_context,murcko_substituent_4_2_attribution,murcko_substituent_4_3_smiles,murcko_substituent_4_3_context,murcko_substituent_4_3_attribution,murcko_substituent_5_0_smiles,murcko_substituent_5_0_context,murcko_substituent_5_0_attribution,murcko_substituent_5_1_smiles,murcko_substituent_5_1_context,murcko_substituent_5_1_attribution,murcko_substituent_5_2_smiles,murcko_substituent_5_2_context,murcko_substituent_5_2_attribution,murcko_substituent_5_3_smiles,murcko_substituent_5_3_context,murcko_substituent_5_3_attribution,murcko_substituent_6_0_smiles,murcko_substituent_6_0_context,murcko_substituent_6_0_attribution,murcko_substituent_6_1_smiles,murcko_substituent_6_1_context,murcko_substituent_6_1_attribution,murcko_substituent_6_2_smiles,murcko_substituent_6_2_context,murcko_substituent_6_2_attribution,murcko_substituent_6_3_smiles,murcko_substituent_6_3_context,murcko_substituent_6_3_attribution,murcko_substituent_7_0_smiles,murcko_substituent_7_0_context,murcko_substituent_7_0_attribution,murcko_substituent_7_1_smiles,murcko_substituent_7_1_context,murcko_substituent_7_1_attribution,murcko_substituent_7_2_smiles,murcko_substituent_7_2_context,murcko_substituent_7_2_attribution,murcko_substituent_7_3_smiles,murcko_substituent_7_3_context,murcko_substituent_7_3_attribution,murcko_substituent_8_0_smiles,murcko_substituent_8_0_context,murcko_substituent_8_0_attribution,murcko_substituent_8_1_smiles,murcko_substituent_8_1_context,murcko_substituent_8_1_attribution,murcko_substituent_8_2_smiles,murcko_substituent_8_2_context,murcko_substituent_8_2_attribution,murcko_substituent_8_3_smiles,murcko_substituent_8_3_context,murcko_substituent_8_3_attribution,murcko_substituent_9_0_smiles,murcko_substituent_9_0_context,murcko_substituent_9_0_attribution,murcko_substituent_9_1_smiles,murcko_substituent_9_1_context,murcko_substituent_9_1_attribution,murcko_substituent_9_2_smiles,murcko_substituent_9_2_context,murcko_substituent_9_2_attribution,murcko_substituent_9_3_smiles,murcko_substituent_9_3_context,murcko_substituent_9_3_attribution,max_sim_CA_all,max_sim_CA_active,max_sim_CA_inactive
CMPD_007,C[C:1](=O)[N:5](C)CCCNc1nc2ccccc2[nH]1,0.0751191508024931,0,0.0332834331347814,5,"[0.021000271663069725, 0.09400790184736252, 0.05601392686367035, 0.08793200552463531, 0.11664164811372757]",HIGH,LOW,B,HIGH Agreement + LOW Reliability,"Trust prediction, validate mechanism experimentally",LOW,3.0,0.0,0.0,0.3396961654880617,murcko,,0.0989099290420929,0.7615938516210783,0.1585847158010141,,,,,,,,,,,,,,,C1=CNC=N1,C1=CC=CC=C1,C1=CC=C2NC=NC2=C1,,,,,,,,,,,,,,,C[C-1](=O)[N-5](C)CCCN,aromatic,0.0494549645210464,C-C-C-C,aromatic,0.0494549645210464,,,,,,,C[C-1](=O)[N-5](C)CCCNC(-N)-N,aromatic,0.3807969258105391,,,,,,,,,,C[C-1](=O)[N-5](C)CCCN,aromatic,0.079292357900507,,,,,,,,,,,,,,,,,,,,,,,,,,,,,,,,,,,,,,,,,,,,,,,,,,,,,,,,,,,,,,,,,,,,,,,,,,,,,,,,,,,,,,,,,,,,,,,,,,,,0.5333333333333333,0.4791666666666667,0.5333333333333333
CMPD_022,CC(C)CCn1cc(NC=O)cc1C(=O)NCCC(=N)[NH:5][C:1](C)=O,0.0131215222179889,0,0.0087838776883686,5,"[0.030555427074432373, 0.007614851463586092, 0.0074935066513717175, 0.009930448606610298, 0.010013377293944359]",HIGH,HIGH,A,HIGH Agreement + HIGH Reliability,Trust + Use explanation for SAR,HIGH,1.0,1.0,100.0,-0.7615917769911579,murcko,,-0.7615917769911579,,,,,,,,,,,,,,,,,C1=CNC=C1,,,,,,,,,,,,,,,,,CCC(C)C,aromatic,-0.3807958884955789,NC=O,aromatic,-0.3807958884955789,C[C-1](=O)[NH-5]C(=N)CCNC=O,aromatic,-0.3807958884955789,,,,,,,,,,,,,,,,,,,,,,,,,,,,,,,,,,,,,,,,,,,,,,,,,,,,,,,,,,,,,,,,,,,,,,,,,,,,,,,,,,,,,,,,,,,,,,,,,,,,,,,,,,,,,,,,,,,,,,0.5757575757575758,0.40789473684210525,0.5757575757575758
CMPD_065,CC(C)CCn1cc(NC=O)cc1C(=O)NCCC(=N)[NH:5][C:1](=O)NCCN(O)Cc1ccccc1,0.0642907116562128,0,0.0490268368731164,5,"[0.05514661222696304, 0.04549457132816315, 0.016748683527112007, 0.15891863405704498, 0.04514505714178085]",HIGH,LOW,B,HIGH Agreement + LOW Reliability,"Trust prediction, validate mechanism experimentally",LOW,2.0,1.0,50.0,0.3129053403622682,murcko,,0.7615938245624304,-0.135783143837894,,,,,,,,,,,,,,,,C1=CNC=C1,C1=CC=CC=C1,,,,,,,,,,,,,,,,CCC(C)C,aromatic,0.3807969122812152,NC=O,aromatic,0.3807969122812152,N=C(CCNC=O)[NH-5][C-1](=O)NCCN(O)CC1=CC=CC=C1,aromatic,0.3807969122812152,,,,CC(C)CCN1C=C(NC=O)C=C1C(=O)NCCC(=N)[NH-5][C-1](=O)NCCN(C)O,aromatic,-0.067891571918947,,,,,,,,,,,,,,,,,,,,,,,,,,,,,,,,,,,,,,,,,,,,,,,,,,,,,,,,,,,,,,,,,,,,,,,,,,,,,,,,,,,,,,,,,,,,,,,,,,,,,,,,,,,,,,,,0.5063291139240507,0.3763440860215054,0.5063291139240507
CMPD_112,O=[C:1](Cc1ccc(O)c(O)c1)[NH:5]C[C@H](O)c1ccccc1,0.1398080113343894,0,0.2385869498956489,5,"[0.007298830896615982, 0.005925783421844244, 0.03401334956288338, 0.03548601269721985, 0.6163160800933838]",LOW,HIGH,C,LOW Agreement + HIGH Reliability,"Investigate prediction uncertainty, trust mechanism",MODERATE,2.0,1.0,50.0,-0.1458363245227957,murcko,,-0.7615928377020653,0.4699201886564738,,,,,,,,,,,,,,,,C1=CC=CC=C1,C1=CC=CC=C1,,,,,,,,,,,,,,,,C[C-1](=O)[NH-5]C[C@H](O)C1=CC=CC=C1,aromatic,-0.3807964188510326,O,aromatic,-0.3807964188510326,O,aromatic,-0.3807964188510326,,,,O=[C-1](CC1=CC=C(O)C(O)=C1)[NH-5]CCO,aromatic,0.2349600943282369,,,,,,,,,,,,,,,,,,,,,,,,,,,,,,,,,,,,,,,,,,,,,,,,,,,,,,,,,,,,,,,,,,,,,,,,,,,,,,,,,,,,,,,,,,,,,,,,,,,,,,,,,,,,,,,,0.54,0.54,0.54
CMPD_122,CC(C)c1ccc2c(c1)CC[C@H]1[C@](C)(C[NH:5][C:1](=O)Cc3ccc(O)c(O)c3)CCC[C@]21C,0.3766609720885753,0,0.2857164333499171,5,"[0.05673891678452492, 0.7679031491279602, 0.583315908908844, 0.4266278147697449, 0.048719070851802826]",LOW,LOW,D,LOW Agreement + LOW Reliability,Full experimental validation required,LOW,8.0,0.0,0.0,0.6394179096491123,murcko,,0.6068304999784662,0.5387367900538125,0.5342051985748738,0.611518340450891,0.6047874266119162,0.7179224227363948,0.7615940380184119,0.7397485607681316,,,,,,,,,,C1=CC=CC=C1,C1=CCCCC1,C1=CC=CC=C1,C1CCCCC1,C1=CC=C2CCCCC2=C1,C1=CC=C(C=C1)C1CCCCC1,C1=CC2CCCC[C@@H]2CC1,C1=CC=C2C(=C1)CC[C@H]1CCCCC21,,,,,,,,,,CCC,aromatic,0.3034152499892331,CC[C@@H]1C(C)CCC[C@@]1(C)C[NH-5][C-1](=O)CC1=CC=C(O)C(O)=C1,aromatic,0.3034152499892331,,,,,,,C-C-C(C(C)C)-C,aromatic,0.2693683950269062,CCCC(C)C[NH-5][C-1](=O)CC1=CC=C(O)C(O)=C1,aliphatic,0.2693683950269062,C,aliphatic,0.2693683950269062,,,,CC(C)C1=CC=C2C(=C1)CC[C@H]1[C@](C)(C[NH-5][C-1](C)=O)CCC[C@]21C,aromatic,0.2671025992874369,O,aromatic,0.2671025992874369,O,aromatic,0.2671025992874369,,,,CCC1=CC(C(C)C)=CC=C1,aliphatic,0.3057591702254455,C,aliphatic,0.3057591702254455,C[NH-5][C-1](=O)CC1=CC=C(O)C(O)=C1,aliphatic,0.3057591702254455,C,aliphatic,0.3057591702254455,,,,,,,CCC,aromatic,0.3023937133059581,CCCC(C)C[NH-5][C-1](=O)CC1=CC=C(O)C(O)=C1,aliphatic,0.3023937133059581,C,aliphatic,0.3023937133059581,,,,CCC,aromatic,0.3589612113681974,C,aliphatic,0.3589612113681974,C[NH-5][C-1](=O)CC1=CC=C(O)C(O)=C1,aliphatic,0.3589612113681974,C,aliphatic,0.3589612113681974,C-C-C(C(C)C)-C,aromatic,0.3807970190092059,C,aliphatic,0.3807970190092059,C[NH-5][C-1](=O)CC1=CC=C(O)C(O)=C1,aliphatic,0.3807970190092059,C,aliphatic,0.3807970190092059,CCC,aromatic,0.3698742803840658,C,aliphatic,0.3698742803840658,C[NH-5][C-1](=O)CC1=CC=C(O)C(O)=C1,aliphatic,0.3698742803840658,C,aliphatic,0.3698742803840658,,,,,,,,,,,,,,,,,,,,,,,,,0.7142857142857143,0.6056338028169014,0.7142857142857143
CMPD_126,CC(C)c1ccc2c(c1)CC[C@H]1[C@](C)(C[NH:5][C:1](=O)NC[CH]C(=O)NO)CCC[C@]21C,0.2709842473268509,0,0.2502194410599074,5,"[0.256835013628006, 0.7047044038772583, 0.04498203098773956, 0.3399165868759155, 0.008483201265335083]",LOW,LOW,D,LOW Agreement + LOW Reliability,Full experimental validation required,LOW,7.0,0.0,0.0,0.5127011616431675,murcko,,0.4227602118867124,0.1718654376563536,0.653514261837853,0.2075180130102647,0.6813076091463515,0.7615939776280674,0.6903486203365703,,,,,,,,,,,C1=CC=CC=C1,C1=CCCCC1,C1CCCCC1,C1=CC=C2CCCCC2=C1,C1=CC=C(C=C1)C1CCCCC1,C1=CC2CCCC[C@@H]2CC1,C1=CC=C2C(=C1)CC[C@H]1CCCCC21,,,,,,,,,,,CCC,aromatic,0.2113801059433562,CC[C@@H]1C(C)CCC[C@@]1(C)C[NH-5][C-1](=O)NC[CH]C(=O)NO,aromatic,0.2113801059433562,,,,,,,C-C-C(C(C)C)-C,aromatic,0.0859327188281768,CCCC(C)C[NH-5][C-1](=O)NC[CH]C(=O)NO,aliphatic,0.0859327188281768,C,aliphatic,0.0859327188281768,,,,CCC1=CC(C(C)C)=CC=C1,aliphatic,0.3267571309189265,C,aliphatic,0.3267571309189265,C[NH-5][C-1](=O)NC[CH]C(=O)NO,aliphatic,0.3267571309189265,C,aliphatic,0.3267571309189265,CCC,aromatic,0.1037590065051323,CCCC(C)C[NH-5][C-1](=O)NC[CH]C(=O)NO,aliphatic,0.1037590065051323,C,aliphatic,0.1037590065051323,,,,,,,,,,CCC,aromatic,0.3406538045731757,C,aliphatic,0.3406538045731757,C[NH-5][C-1](=O)NC[CH]C(=O)NO,aliphatic,0.3406538045731757,C,aliphatic,0.3406538045731757,C-C-C(C(C)C)-C,aromatic,0.3807969888140337,C,aliphatic,0.3807969888140337,C[NH-5][C-1](=O)NC[CH]C(=O)NO,aliphatic,0.3807969888140337,C,aliphatic,0.3807969888140337,CCC,aromatic,0.3451743101682851,C,aliphatic,0.3451743101682851,C[NH-5][C-1](=O)NC[CH]C(=O)NO,aliphatic,0.3451743101682851,C,aliphatic,0.3451743101682851,,,,,,,,,,,,,,,,,,,,,,,,,,,,,,,,,,,,,0.7142857142857143,0.6056338028169014,0.7142857142857143
CMPD_129,CC(C)c1ccc2c(c1)CC[C@H]1[C@](C)(C[NH:5][C:1](=O)C[C@@H](C[S+][O-])CC(=O)O)CCC[C@]21C,0.3890785101801157,0,0.3897251022544327,5,"[0.13611145317554474, 0.7879536151885986, 0.9336694478988647, 0.06991427391767502, 0.017743760719895363]",LOW,LOW,D,LOW Agreement + LOW Reliability,Full experimental validation required,LOW,7.0,2.0,28.57142857142857,0.2772338920476168,murcko,,0.4726793961696823,-0.3821750408248205,0.7104475060966216,-0.2666835313009454,0.2749108041566655,0.7615937093108828,0.3698644007252316,,,,,,,,,,,C1=CC=CC=C1,C1=CCCCC1,C1CCCCC1,C1=CC=C2CCCCC2=C1,C1=CC=C(C=C1)C1CCCCC1,C1=CC2CCCC[C@@H]2CC1,C1=CC=C2C(=C1)CC[C@H]1CCCCC21,,,,,,,,,,,CCC,aromatic,0.2363396980848411,CC[C@@H]1C(C)CCC[C@@]1(C)C[NH-5][C-1](=O)C[C@@H](C[S+][O-])CC(=O)O,aromatic,0.2363396980848411,,,,,,,C-C-C(C(C)C)-C,aromatic,-0.1910875204124102,CCCC(C)C[NH-5][C-1](=O)C[C@@H](C[S+][O-])CC(=O)O,aliphatic,-0.1910875204124102,C,aliphatic,-0.1910875204124102,,,,CCC1=CC(C(C)C)=CC=C1,aliphatic,0.3552237530483108,C,aliphatic,0.3552237530483108,C[NH-5][C-1](=O)C[C@@H](C[S+][O-])CC(=O)O,aliphatic,0.3552237530483108,C,aliphatic,0.3552237530483108,CCC,aromatic,-0.1333417656504727,CCCC(C)C[NH-5][C-1](=O)C[C@@H](C[S+][O-])CC(=O)O,aliphatic,-0.1333417656504727,C,aliphatic,-0.1333417656504727,,,,,,,,,,CCC,aromatic,0.1374554020783327,C,aliphatic,0.1374554020783327,C[NH-5][C-1](=O)C[C@@H](C[S+][O-])CC(=O)O,aliphatic,0.1374554020783327,C,aliphatic,0.1374554020783327,C-C-C(C(C)C)-C,aromatic,0.3807968546554414,C,aliphatic,0.3807968546554414,C[NH-5][C-1](=O)C[C@@H](C[S+][O-])CC(=O)O,aliphatic,0.3807968546554414,C,aliphatic,0.3807968546554414,CCC,aromatic,0.1849322003626158,C,aliphatic,0.1849322003626158,C[NH-5][C-1](=O)C[C@@H](C[S+][O-])CC(=O)O,aliphatic,0.1849322003626158,C,aliphatic,0.1849322003626158,,,,,,,,,,,,,,,,,,,,,,,,,,,,,,,,,,,,,0.6617647058823529,0.5866666666666667,0.6617647058823529
CMPD_145,CC(NCCC(=O)N/N=C/c1c(O)ccc2ccccc12)[NH:5][C:1](=O)Cc1ccc(O)c(O)c1,0.0163285607472062,0,0.0078825925714316,5,"[0.017313022166490555, 0.008837174624204636, 0.025053376331925392, 0.024573875591158867, 0.005865355022251606]",HIGH,LOW,B,HIGH Agreement + LOW Reliability,"Trust prediction, validate mechanism experimentally",LOW,4.0,1.0,25.0,0.3175315530551881,murcko,,0.6068545374107203,-0.4022557788666451,0.3039341767512958,0.7615932769253816,,,,,,,,,,,,,,C1=CC=CC=C1,C1=CC=CC=C1,C1=CC=CC=C1,C1=CC2=CC=CC=C2C=C1,,,,,,,,,,,,,,C=N/NC(=O)CCNC(C)[NH-5][C-1](=O)CC1=CC=C(O)C(O)=C1,aromatic,0.3034272687053601,O,aromatic,0.3034272687053601,C-C-C-C,aromatic,0.3034272687053601,,,,C-C-C(O)-C/C=N/NC(=O)CCNC(C)[NH-5][C-1](=O)CC1=CC=C(O)C(O)=C1,aromatic,-0.2011278894333225,,,,,,,,,,CC(NCCC(=O)N/N=C/C1=C(O)C=CC2=CC=CC=C12)[NH-5][C-1](C)=O,aromatic,0.1519670883756479,O,aromatic,0.1519670883756479,O,aromatic,0.1519670883756479,,,,C=N/NC(=O)CCNC(C)[NH-5][C-1](=O)CC1=CC=C(O)C(O)=C1,aromatic,0.3807966384626908,O,aromatic,0.3807966384626908,,,,,,,,,,,,,,,,,,,,,,,,,,,,,,,,,,,,,,,,,,,,,,,,,,,,,,,,,,,,,,,,,,,,,,,,,,,,,,,,,,,,,0.5217391304347826,0.43283582089552236,0.5217391304347826
CMPD_161,CC(C)c1ccc2c(c1)CC[C@H]1[C@](C)(C[NH:5][C:1](=O)NC[CH]C[C@](C)(C(=O)NO)S(C)(=O)=O)CCC[C@]21C,0.443624821305275,0,0.2750721386048824,5,"[0.30949726700782776, 0.8572369813919067, 0.6797691583633423, 0.2025052011013031, 0.16911549866199493]",LOW,LOW,D,LOW Agreement + LOW Reliability,Full experimental validation required,LOW,7.0,2.0,28.57142857142857,0.1858619442625675,murcko,,-0.0927131223763595,-0.5060700670125057,0.7210105907268368,-0.598783655960416,0.4855245417103329,0.7615938704188726,0.5304714523312113,,,,,,,,,,,C1=CC=CC=C1,C1=CCCCC1,C1CCCCC1,C1=CC=C2CCCCC2=C1,C1=CC=C(C=C1)C1CCCCC1,C1=CC2CCCC[C@@H]2CC1,C1=CC=C2C(=C1)CC[C@H]1CCCCC21,,,,,,,,,,,CCC,aromatic,-0.0463565611881797,CC[C@@H]1C(C)CCC[C@@]1(C)C[NH-5][C-1](=O)NC[CH]C[C@](C)(C(=O)NO)S(C)(=O)=O,aromatic,-0.0463565611881797,,,,,,,CCCC(C)C[NH-5][C-1](=O)NC[CH]C[C@](C)(C(=O)NO)S(C)(=O)=O,aliphatic,-0.2530350335062528,C,aliphatic,-0.2530350335062528,C-C-C(C(C)C)-C,aromatic,-0.2530350335062528,,,,C,aliphatic,0.3605052953634184,CCC1=CC(C(C)C)=CC=C1,aliphatic,0.3605052953634184,C,aliphatic,0.3605052953634184,C[C@@](C[CH]CN[C-1](=O)[NH-5]C)(C(=O)NO)S(C)(=O)=O,aliphatic,0.3605052953634184,CCC,aromatic,-0.299391827980208,CCCC(C)C[NH-5][C-1](=O)NC[CH]C[C@](C)(C(=O)NO)S(C)(=O)=O,aliphatic,-0.299391827980208,C,aliphatic,-0.299391827980208,,,,,,,,,,CCC,aromatic,0.2427622708551664,C,aliphatic,0.2427622708551664,C,aliphatic,0.2427622708551664,C[C@@](C[CH]CN[C-1](=O)[NH-5]C)(C(=O)NO)S(C)(=O)=O,aliphatic,0.2427622708551664,C,aliphatic,0.3807969352094363,C-C-C(C(C)C)-C,aromatic,0.3807969352094363,C,aliphatic,0.3807969352094363,C[C@@](C[CH]CN[C-1](=O)[NH-5]C)(C(=O)NO)S(C)(=O)=O,aliphatic,0.3807969352094363,CCC,aromatic,0.2652357261656056,C,aliphatic,0.2652357261656056,C[C@@](C[CH]CN[C-1](=O)[NH-5]C)(C(=O)NO)S(C)(=O)=O,aliphatic,0.2652357261656056,C,aliphatic,0.2652357261656056,,,,,,,,,,,,,,,,,,,,,,,,,,,,,,,,,,,,,0.6081081081081081,0.5432098765432098,0.6081081081081081
CMPD_251,CN1CCC(=N[NH:5][C:1](=O)CC(N)O)CC1,0.0204549333080649,0,0.0112503705429452,5,"[0.0205135066062212, 0.0371767021715641, 0.02773234061896801, 0.006093153730034828, 0.010758963413536549]",HIGH,HIGH,A,HIGH Agreement + HIGH Reliability,Trust + Use explanation for SAR,HIGH,1.0,1.0,100.0,-0.7615924267395651,murcko,,-0.7615924267395651,,,,,,,,,,,,,,,,,C1CCNCC1,,,,,,,,,,,,,,,,,C,aliphatic,-0.3807962133697825,N[NH-5][C-1](=O)CC(N)O,aliphatic,-0.3807962133697825,,,,,,,,,,,,,,,,,,,,,,,,,,,,,,,,,,,,,,,,,,,,,,,,,,,,,,,,,,,,,,,,,,,,,,,,,,,,,,,,,,,,,,,,,,,,,,,,,,,,,,,,,,,,,,,,,,,,,,,,,0.5348837209302325,0.288135593220339,0.5348837209302325
CMPD_379,CC(=O)NC1CC[N:5]([C:1](=O)c2cnccn2)C1,0.1069899994879961,0,0.0855703806090377,5,"[0.175580695271492, 0.04663196578621864, 0.055685244500637054, 0.23966535925865173, 0.01738673262298107]",HIGH,HIGH,A,HIGH Agreement + HIGH Reliability,Trust + Use explanation for SAR,HIGH,1.0,1.0,100.0,-0.761590192175331,murcko,,-0.761590192175331,,,,,,,,,,,,,,,,,C1=CN=CC=N1,,,,,,,,,,,,,,,,,CC(=O)NC1CC[N-5]([C-1]=O)C1,aromatic,-0.3807950960876655,,,,,,,,,,,,,,,,,,,,,,,,,,,,,,,,,,,,,,,,,,,,,,,,,,,,,,,,,,,,,,,,,,,,,,,,,,,,,,,,,,,,,,,,,,,,,,,,,,,,,,,,,,,,,,,,,,,,,,,,,,,,0.5208333333333334,0.4107142857142857,0.5208333333333334
CMPD_436,CCCC[NH:5][C:1](=O)CCCNC(=O)CS,0.0328411095775663,0,0.0506515429781258,5,"[0.0037915981374680996, 0.015542800538241863, 0.0051126377657055855, 0.00595636572688818, 0.1338021457195282]",,,,,,,,,,,None - No ring systems,Murcko requires aromatic/aliphatic rings,,,,,,,,,,,,,,,,,,,,,,,,,,,,,,,,,,,,,,,,,,,,,,,,,,,,,,,,,,,,,,,,,,,,,,,,,,,,,,,,,,,,,,,,,,,,,,,,,,,,,,,,,,,,,,,,,,,,,,,,,,,,,,,,,,,,,,,,,,,,,,,,,,,,,,,,,,,,,,,,,0.59375,0.5454545454545454,0.59375
CMPD_478,CC[C:1](=O)[N:5](CCCNCCCCCCNCCCNCCc1c[nH]c2ccccc12)CCCc1ccccc1,0.2462432146072387,0,0.1123888088560342,5,"[0.17913426458835602, 0.403798907995224, 0.12035800516605377, 0.3571122884750366, 0.17081260681152344]",HIGH,HIGH,A,HIGH Agreement + HIGH Reliability,Trust + Use explanation for SAR,MODERATE,4.0,3.0,75.0,-0.40117222168206,murcko,,-0.5826487655487198,-0.0979114677613059,-0.1625349045487926,-0.7615937488694218,,,,,,,,,,,,,,C1=CNC=C1,C1=CC=CC=C1,C1=CC=CC=C1,C1=CC=C2NC=CC2=C1,,,,,,,,,,,,,,CCNCCCNCCCCCCNCCC[N-5](CCCC1=CC=CC=C1)[C-1](=O)CC,aromatic,-0.2913243827743599,C-C-C-C,aromatic,-0.2913243827743599,,,,,,,CC[C-1](=O)[N-5](CCCNCCCCCCNCCCNCCC-C-N)CCCC1=CC=CC=C1,aromatic,-0.0489557338806529,,,,,,,,,,CCC[N-5](CCCNCCCCCCNCCCNCCC1=CNC2=CC=CC=C12)[C-1](=O)CC,aromatic,-0.0812674522743963,,,,,,,,,,CCNCCCNCCCCCCNCCC[N-5](CCCC1=CC=CC=C1)[C-1](=O)CC,aromatic,-0.3807968744347109,,,,,,,,,,,,,,,,,,,,,,,,,,,,,,,,,,,,,,,,,,,,,,,,,,,,,,,,,,,,,,,,,,,,,,,,,,,,,,,,,,,,,,,,0.5084745762711864,0.5084745762711864,0.5084745762711864
CMPD_483,O=C(CS)NCCC[C:1](=O)[N:5](CCCNCCCCCCNCCCNCCCc1ccccc1)CCCc1ccccc1,0.1420938022434711,0,0.1417676242657939,5,"[0.031024787575006485, 0.4210655987262726, 0.0612492710351944, 0.09984909743070602, 0.09728025645017624]",HIGH,HIGH,A,HIGH Agreement + HIGH Reliability,Trust + Use explanation for SAR,HIGH,2.0,2.0,100.0,-0.6793420867204327,murcko,,-0.7615927437006129,-0.5970914297402526,,,,,,,,,,,,,,,,C1=CC=CC=C1,C1=CC=CC=C1,,,,,,,,,,,,,,,,CCCNCCCNCCCCCCNCCC[N-5](CCCC1=CC=CC=C1)[C-1](=O)CCCNC(=O)CS,aromatic,-0.3807963718503064,,,,,,,,,,CCC[N-5](CCCNCCCCCCNCCCNCCCC1=CC=CC=C1)[C-1](=O)CCCNC(=O)CS,aromatic,-0.2985457148701263,,,,,,,,,,,,,,,,,,,,,,,,,,,,,,,,,,,,,,,,,,,,,,,,,,,,,,,,,,,,,,,,,,,,,,,,,,,,,,,,,,,,,,,,,,,,,,,,,,,,,,,,,,,,,,,,0.6382978723404256,0.39285714285714285,0.6382978723404256
CMPD_487,O=C(CS)NCCC[C:1](=O)[N:5](CCCNCCCCCCCCCCNCCCNCCCc1ccccc1)CCCc1ccccc1,0.2648048505187034,0,0.1746814080586352,5,"[0.2057238221168518, 0.5946859121322632, 0.228593111038208, 0.22310423851013184, 0.07191716879606247]",LOW,HIGH,C,LOW Agreement + HIGH Reliability,"Investigate prediction uncertainty, trust mechanism",HIGH,2.0,2.0,100.0,-0.7590174880728056,murcko,,-0.7615777094467296,-0.7564572666988814,,,,,,,,,,,,,,,,C1=CC=CC=C1,C1=CC=CC=C1,,,,,,,,,,,,,,,,CCCNCCCNCCCCCCCCCCNCCC[N-5](CCCC1=CC=CC=C1)[C-1](=O)CCCNC(=O)CS,aromatic,-0.3807888547233648,,,,,,,,,,CCC[N-5](CCCNCCCCCCCCCCNCCCNCCCC1=CC=CC=C1)[C-1](=O)CCCNC(=O)CS,aromatic,-0.3782286333494407,,,,,,,,,,,,,,,,,,,,,,,,,,,,,,,,,,,,,,,,,,,,,,,,,,,,,,,,,,,,,,,,,,,,,,,,,,,,,,,,,,,,,,,,,,,,,,,,,,,,,,,,,,,,,,,,0.6382978723404256,0.39285714285714285,0.6382978723404256
CMPD_492,O=C(CS)NCCC[C:1](=O)[N:5](CCCNCCCCCCNCCCNCCc1c[nH]c2ccccc12)CCCc1ccccc1,0.1596319995820522,0,0.1195947134682709,5,"[0.037395160645246506, 0.3086027503013611, 0.05007662624120712, 0.10370755940675735, 0.2983779013156891]",HIGH,LOW,B,HIGH Agreement + LOW Reliability,"Trust prediction, validate mechanism experimentally",LOW,4.0,1.0,25.0,0.3158632815092426,murcko,,0.7136316121200539,0.7615931673837684,-0.4606750252843458,0.2489033718174939,,,,,,,,,,,,,,C1=CNC=C1,C1=CC=CC=C1,C1=CC=CC=C1,C1=CC=C2NC=CC2=C1,,,,,,,,,,,,,,C-C-C-C,aromatic,0.3568158060600269,CCNCCCNCCCCCCNCCC[N-5](CCCC1=CC=CC=C1)[C-1](=O)CCCNC(=O)CS,aromatic,0.3568158060600269,,,,,,,N-C-CCCNCCCNCCCCCCNCCC[N-5](CCCC1=CC=CC=C1)[C-1](=O)CCCNC(=O)CS,aromatic,0.3807965836918842,,,,,,,,,,CCC[N-5](CCCNCCCCCCNCCCNCCC1=CNC2=CC=CC=C12)[C-1](=O)CCCNC(=O)CS,aromatic,-0.2303375126421729,,,,,,,,,,CCNCCCNCCCCCCNCCC[N-5](CCCC1=CC=CC=C1)[C-1](=O)CCCNC(=O)CS,aromatic,0.1244516859087469,,,,,,,,,,,,,,,,,,,,,,,,,,,,,,,,,,,,,,,,,,,,,,,,,,,,,,,,,,,,,,,,,,,,,,,,,,,,,,,,,,,,,,,,0.5396825396825397,0.5396825396825397,0.5396825396825397
CMPD_498,O=C(CS)NCCC[C:1](=O)[N:5](CCCNCCCCCCCCCCNCCCNCCc1c[nH]c2ccccc12)CCCc1ccccc1,0.3021367907524109,0,0.2242670924672965,5,"[0.14238989353179932, 0.7443071603775024, 0.16349923610687256, 0.20917999744415283, 0.2513076663017273]",LOW,LOW,D,LOW Agreement + LOW Reliability,Full experimental validation required,LOW,4.0,1.0,25.0,0.172749833936408,murcko,,0.7615934154676469,-0.306164092629723,-0.066073295795263,0.3016433087029714,,,,,,,,,,,,,,C1=CNC=C1,C1=CC=CC=C1,C1=CC=CC=C1,C1=CC=C2NC=CC2=C1,,,,,,,,,,,,,,CCNCCCNCCCCCCCCCCNCCC[N-5](CCCC1=CC=CC=C1)[C-1](=O)CCCNC(=O)CS,aromatic,0.3807967077338234,C-C-C-C,aromatic,0.3807967077338234,,,,,,,N-C-CCCNCCCNCCCCCCCCCCNCCC[N-5](CCCC1=CC=CC=C1)[C-1](=O)CCCNC(=O)CS,aromatic,-0.1530820463148615,,,,,,,,,,CCC[N-5](CCCNCCCCCCCCCCNCCCNCCC1=CNC2=CC=CC=C12)[C-1](=O)CCCNC(=O)CS,aromatic,-0.0330366478976315,,,,,,,,,,CCNCCCNCCCCCCCCCCNCCC[N-5](CCCC1=CC=CC=C1)[C-1](=O)CCCNC(=O)CS,aromatic,0.1508216543514857,,,,,,,,,,,,,,,,,,,,,,,,,,,,,,,,,,,,,,,,,,,,,,,,,,,,,,,,,,,,,,,,,,,,,,,,,,,,,,,,,,,,,,,,0.5396825396825397,0.5396825396825397,0.5396825396825397
CMPD_504,COC(=O)C(Cc1ccccc1)[NH:5][C:1](=O)C(N)Cc1ccccc1,0.0169293023645877,0,0.0093165386056325,5,"[0.013449294492602348, 0.02780982479453087, 0.028244705870747566, 0.007176321931183338, 0.007966364733874798]",HIGH,HIGH,A,HIGH Agreement + HIGH Reliability,Trust + Use explanation for SAR,HIGH,2.0,2.0,100.0,-0.5203883088522263,murcko,,-0.2791830701962962,-0.7615935475081563,,,,,,,,,,,,,,,,C1=CC=CC=C1,C1=CC=CC=C1,,,,,,,,,,,,,,,,COC(=O)C(C)[NH-5][C-1](=O)C(N)CC1=CC=CC=C1,aromatic,-0.1395915350981481,,,,,,,,,,COC(=O)C(CC1=CC=CC=C1)[NH-5][C-1](=O)C(C)N,aromatic,-0.3807967737540781,,,,,,,,,,,,,,,,,,,,,,,,,,,,,,,,,,,,,,,,,,,,,,,,,,,,,,,,,,,,,,,,,,,,,,,,,,,,,,,,,,,,,,,,,,,,,,,,,,,,,,,,,,,,,,,,0.6052631578947368,0.58,0.6052631578947368
CMPD_562,COC(=O)C(Cc1ccccc1)NP(=O)(OCC[N:5](C)[C:1](=O)N(C)Cc1ccccc1)Oc1ccccc1,0.0881772182881832,0,0.1077211316343874,5,"[0.016527393832802773, 0.04238804057240486, 0.30227646231651306, 0.05165339633822441, 0.028040798380970955]",HIGH,HIGH,A,HIGH Agreement + HIGH Reliability,Trust + Use explanation for SAR,MODERATE,4.0,3.0,75.0,-0.4296895482216105,murcko,,-0.748627415191239,-0.7615935380852484,0.4540978333589017,-0.6626350729688565,,,,,,,,,,,,,,C1=CC=CC=C1,C1=CC=CC=C1,C1=CC=CC=C1,C1=CC=C(CCNPOC2=CC=CC=C2)C=C1,,,,,,,,,,,,,,COC(=O)C(C)NP(=O)(OCC[N-5](C)[C-1](=O)N(C)CC1=CC=CC=C1)OC1=CC=CC=C1,aromatic,-0.3743137075956195,,,,,,,,,,COC(=O)C(CC1=CC=CC=C1)NP(=O)(OCC[N-5](C)[C-1](=O)N(C)C)OC1=CC=CC=C1,aromatic,-0.3807967690426242,,,,,,,,,,COC(=O)C(CC1=CC=CC=C1)NP(=O)(O)OCC[N-5](C)[C-1](=O)N(C)CC1=CC=CC=C1,aromatic,0.2270489166794508,,,,,,,,,,COC=O,aliphatic,-0.3313175364844282,O,aliphatic,-0.3313175364844282,CN(CC1=CC=CC=C1)[C-1](=O)[N-5](C)CCO,aliphatic,-0.3313175364844282,,,,,,,,,,,,,,,,,,,,,,,,,,,,,,,,,,,,,,,,,,,,,,,,,,,,,,,,,,,,,,,,,,,,,,,,,,,,,,,,,,0.6056338028169014,0.6056338028169014,0.5733333333333334
CMPD_572,COC(=O)C(Cc1ccccc1)NP(=O)(OCC[N:5](C)[C:1](=O)C(N)Cc1ccccc1)Oc1ccccc1,0.0180029036477208,0,0.0083628941013677,5,"[0.011789853684604168, 0.02019236981868744, 0.03347925469279289, 0.011503908783197403, 0.013049131259322166]",HIGH,HIGH,A,HIGH Agreement + HIGH Reliability,Trust + Use explanation for SAR,MODERATE,4.0,2.0,50.0,-0.1883371496279156,murcko,,-0.5339866844992122,-0.7615933951682995,0.3963204787538962,0.1459110024019528,,,,,,,,,,,,,,C1=CC=CC=C1,C1=CC=CC=C1,C1=CC=CC=C1,C1=CC=C(CCNPOC2=CC=CC=C2)C=C1,,,,,,,,,,,,,,COC(=O)C(C)NP(=O)(OCC[N-5](C)[C-1](=O)C(N)CC1=CC=CC=C1)OC1=CC=CC=C1,aromatic,-0.2669933422496061,,,,,,,,,,COC(=O)C(CC1=CC=CC=C1)NP(=O)(OCC[N-5](C)[C-1](=O)C(C)N)OC1=CC=CC=C1,aromatic,-0.3807966975841497,,,,,,,,,,COC(=O)C(CC1=CC=CC=C1)NP(=O)(O)OCC[N-5](C)[C-1](=O)C(N)CC1=CC=CC=C1,aromatic,0.1981602393769481,,,,,,,,,,COC=O,aliphatic,0.0729555012009764,O,aliphatic,0.0729555012009764,C[N-5](CCO)[C-1](=O)C(N)CC1=CC=CC=C1,aliphatic,0.0729555012009764,,,,,,,,,,,,,,,,,,,,,,,,,,,,,,,,,,,,,,,,,,,,,,,,,,,,,,,,,,,,,,,,,,,,,,,,,,,,,,,,,,0.5972222222222222,0.5972222222222222,0.5657894736842105
CMPD_596,CCOP(=O)(CC(C#N)[C:1](=O)[N:5](C)CCOP(=O)(NC(Cc1ccccc1)C(=O)OC)Oc1ccccc1)OCC,0.0402213257737457,0,0.0383434359464177,5,"[0.00674559036269784, 0.06777466833591461, 0.10192495584487915, 0.004976365715265274, 0.019685048609972]",HIGH,LOW,B,HIGH Agreement + LOW Reliability,"Trust prediction, validate mechanism experimentally",LOW,3.0,1.0,33.33333333333333,0.0205549573865552,murcko,,-0.7615934591775773,0.3900133213466312,0.4332450099906119,,,,,,,,,,,,,,,C1=CC=CC=C1,C1=CC=CC=C1,C1=CC=C(CCNPOC2=CC=CC=C2)C=C1,,,,,,,,,,,,,,,CCOP(=O)(CC(C#N)[C-1](=O)[N-5](C)CCOP(=O)(NC(C)C(=O)OC)OC1=CC=CC=C1)OCC,aromatic,-0.3807967295887886,,,,,,,,,,CCOP(=O)(CC(C#N)[C-1](=O)[N-5](C)CCOP(=O)(O)NC(CC1=CC=CC=C1)C(=O)OC)OCC,aromatic,0.1950066606733156,,,,,,,,,,CCOP(=O)(CC(C#N)[C-1](=O)[N-5](C)CCO)OCC,aliphatic,0.2166225049953059,O,aliphatic,0.2166225049953059,COC=O,aliphatic,0.2166225049953059,,,,,,,,,,,,,,,,,,,,,,,,,,,,,,,,,,,,,,,,,,,,,,,,,,,,,,,,,,,,,,,,,,,,,,,,,,,,,,,,,,,,,,,,,,,,,,0.5308641975308642,0.5308641975308642,0.5058823529411764
CMPD_600,CNCCOP(=O)(NC(Cc1ccccc1)[C:1](=O)[N:5](C)CCOP(=O)(NC(Cc1ccccc1)C(=O)OC)Oc1ccccc1)Oc1ccccc1,0.1514341823756694,0,0.1423677061389919,5,"[0.04122589901089668, 0.05040287226438522, 0.08262088894844055, 0.42382290959358215, 0.15909834206104279]",HIGH,LOW,B,HIGH Agreement + LOW Reliability,"Trust prediction, validate mechanism experimentally",LOW,6.0,2.0,33.33333333333333,0.2512923815448678,murcko,,-0.6269315386846204,-0.643326027330274,0.6848861246593655,0.6748153999465396,0.6567171255351919,0.7615932051430043,,,,,,,,,,,,C1=CC=CC=C1,C1=CC=CC=C1,C1=CC=CC=C1,C1=CC=CC=C1,C1=CC=C(CCNPOC2=CC=CC=C2)C=C1,C1=CC=C(CCNPOC2=CC=CC=C2)C=C1,,,,,,,,,,,,CNCCOP(=O)(NC(C)[C-1](=O)[N-5](C)CCOP(=O)(NC(CC1=CC=CC=C1)C(=O)OC)OC1=CC=CC=C1)OC1=CC=CC=C1,aromatic,-0.3134657693423102,,,,,,,,,,CNCCOP(=O)(NC(CC1=CC=CC=C1)[C-1](=O)[N-5](C)CCOP(=O)(NC(C)C(=O)OC)OC1=CC=CC=C1)OC1=CC=CC=C1,aromatic,-0.321663013665137,,,,,,,,,,CNCCOP(=O)(NC(CC1=CC=CC=C1)[C-1](=O)[N-5](C)CCOP(=O)(O)NC(CC1=CC=CC=C1)C(=O)OC)OC1=CC=CC=C1,aromatic,0.3424430623296827,,,,,,,,,,CNCCOP(=O)(O)NC(CC1=CC=CC=C1)[C-1](=O)[N-5](C)CCOP(=O)(NC(CC1=CC=CC=C1)C(=O)OC)OC1=CC=CC=C1,aromatic,0.3374076999732698,,,,,,,,,,,,,,,,CNCCO,aliphatic,0.3283585627675959,O,aliphatic,0.3283585627675959,COC(=O)C(CC1=CC=CC=C1)NP(=O)(OCC[N-5](C)[C-1]=O)OC1=CC=CC=C1,aliphatic,0.3283585627675959,,,,CNCCOP(=O)(NC(CC1=CC=CC=C1)[C-1](=O)[N-5](C)CCO)OC1=CC=CC=C1,aliphatic,0.3807966025715021,O,aliphatic,0.3807966025715021,COC=O,aliphatic,0.3807966025715021,,,,,,,,,,,,,,,,,,,,,,,,,,,,,,,,,,,,,,,,,,,,,,,,,,,,0.6027397260273972,0.6027397260273972,0.5512820512820513
CMPD_608,Cc1nc(N)sc1[C:1](=O)[NH:5]Cc1ccc(F)cc1,0.0521467097103595,0,0.0622850982504421,5,"[0.17619089782238007, 0.014463130384683609, 0.03169038146734238, 0.019139328971505165, 0.01924980990588665]",HIGH,HIGH,A,HIGH Agreement + HIGH Reliability,Trust + Use explanation for SAR,MODERATE,2.0,1.0,50.0,-0.4282013351224833,murcko,,-0.7615939042352099,-0.0948087660097567,,,,,,,,,,,,,,,,C1=CSC=N1,C1=CC=CC=C1,,,,,,,,,,,,,,,,C,aromatic,-0.3807969521176049,N,aromatic,-0.3807969521176049,O=[C-1][NH-5]CC1=CC=C(F)C=C1,aromatic,-0.3807969521176049,,,,CC1=C([C-1](=O)[NH-5]C)SC(N)=N1,aromatic,-0.0474043830048783,F,aromatic,-0.0474043830048783,,,,,,,,,,,,,,,,,,,,,,,,,,,,,,,,,,,,,,,,,,,,,,,,,,,,,,,,,,,,,,,,,,,,,,,,,,,,,,,,,,,,,,,,,,,,,,,,,,,,,,,,,,,,,0.6590909090909091,0.45454545454545453,0.6590909090909091
CMPD_612,COc1ccc([NH:5][C:1](=O)c2sc(N)nc2C)c(S)c1,0.0201589208096265,0,0.0118149418939862,5,"[0.01072894036769867, 0.011255588382482529, 0.017137108370661736, 0.04293231666088104, 0.01874065026640892]",HIGH,HIGH,A,HIGH Agreement + HIGH Reliability,Trust + Use explanation for SAR,MODERATE,2.0,1.0,50.0,-0.3618362643272298,murcko,,-0.7615937519308139,0.0379212232763542,,,,,,,,,,,,,,,,C1=CC=CC=C1,C1=CSC=N1,,,,,,,,,,,,,,,,CO,aromatic,-0.3807968759654069,CC1=C([C-1](=O)[NH-5])SC(N)=N1,aromatic,-0.3807968759654069,S,aromatic,-0.3807968759654069,,,,COC1=CC=C([NH-5][C-1]=O)C(S)=C1,aromatic,0.0189606116381771,N,aromatic,0.0189606116381771,C,aromatic,0.0189606116381771,,,,,,,,,,,,,,,,,,,,,,,,,,,,,,,,,,,,,,,,,,,,,,,,,,,,,,,,,,,,,,,,,,,,,,,,,,,,,,,,,,,,,,,,,,,,,,,,,,,,,,,,,,0.5098039215686274,0.3559322033898305,0.5098039215686274
CMPD_610,COc1ccccc1[NH:5][C:1](=O)c1sc(N)nc1C,0.0528301570564508,0,0.0335576902414075,5,"[0.10064239799976349, 0.01676449179649353, 0.061068616807460785, 0.07263929396867752, 0.013035984709858894]",HIGH,HIGH,A,HIGH Agreement + HIGH Reliability,Trust + Use explanation for SAR,HIGH,2.0,2.0,100.0,-0.6687563341229461,murcko,,-0.5759193693835986,-0.7615932988622938,,,,,,,,,,,,,,,,C1=CC=CC=C1,C1=CSC=N1,,,,,,,,,,,,,,,,CO,aromatic,-0.2879596846917993,CC1=C([C-1](=O)[NH-5])SC(N)=N1,aromatic,-0.2879596846917993,,,,,,,COC1=CC=CC=C1[NH-5][C-1]=O,aromatic,-0.3807966494311469,N,aromatic,-0.3807966494311469,C,aromatic,-0.3807966494311469,,,,,,,,,,,,,,,,,,,,,,,,,,,,,,,,,,,,,,,,,,,,,,,,,,,,,,,,,,,,,,,,,,,,,,,,,,,,,,,,,,,,,,,,,,,,,,,,,,,,,,,,,,0.574468085106383,0.4791666666666667,0.574468085106383
CMPD_619,Cc1nc(N)sc1[C:1](=O)[NH:5]Cc1ccc(Cl)cc1,0.0587174985557794,0,0.0743647374970254,5,"[0.20685975253582, 0.014414485543966293, 0.03401859849691391, 0.01931178942322731, 0.018982866778969765]",HIGH,HIGH,A,HIGH Agreement + HIGH Reliability,Trust + Use explanation for SAR,HIGH,2.0,2.0,100.0,-0.4792288114165366,murcko,,-0.7615939060611853,-0.196863716771888,,,,,,,,,,,,,,,,C1=CSC=N1,C1=CC=CC=C1,,,,,,,,,,,,,,,,C,aromatic,-0.3807969530305926,N,aromatic,-0.3807969530305926,O=[C-1][NH-5]CC1=CC=C(Cl)C=C1,aromatic,-0.3807969530305926,,,,CC1=C([C-1](=O)[NH-5]C)SC(N)=N1,aromatic,-0.098431858385944,Cl,aromatic,-0.098431858385944,,,,,,,,,,,,,,,,,,,,,,,,,,,,,,,,,,,,,,,,,,,,,,,,,,,,,,,,,,,,,,,,,,,,,,,,,,,,,,,,,,,,,,,,,,,,,,,,,,,,,,,,,,,,,0.5111111111111111,0.3793103448275862,0.5111111111111111
CMPD_620,Cc1ccccc1[NH:5][C:1](=O)c1sc(N)nc1C,0.0463957652449607,0,0.0294996167457583,5,"[0.06502427905797958, 0.014436354860663414, 0.05170327425003052, 0.08863280713558197, 0.012182110920548439]",HIGH,HIGH,A,HIGH Agreement + HIGH Reliability,Trust + Use explanation for SAR,HIGH,2.0,2.0,100.0,-0.6694731619249039,murcko,,-0.7615933747440584,-0.5773529491057495,,,,,,,,,,,,,,,,C1=CC=CC=C1,C1=CSC=N1,,,,,,,,,,,,,,,,C,aromatic,-0.3807966873720292,CC1=C([C-1](=O)[NH-5])SC(N)=N1,aromatic,-0.3807966873720292,,,,,,,CC1=CC=CC=C1[NH-5][C-1]=O,aromatic,-0.2886764745528747,N,aromatic,-0.2886764745528747,C,aromatic,-0.2886764745528747,,,,,,,,,,,,,,,,,,,,,,,,,,,,,,,,,,,,,,,,,,,,,,,,,,,,,,,,,,,,,,,,,,,,,,,,,,,,,,,,,,,,,,,,,,,,,,,,,,,,,,,,,,0.5909090909090909,0.43137254901960786,0.5909090909090909
CMPD_628,COc1cc(/C=N/[NH:5][C:1](=O)c2sc(N)nc2C)ccc1O,0.145638582855463,0,0.1274881133288975,5,"[0.3848627507686615, 0.02504998818039894, 0.06297773122787476, 0.15940320491790771, 0.09589923918247223]",HIGH,LOW,B,HIGH Agreement + LOW Reliability,"Trust prediction, validate mechanism experimentally",LOW,2.0,0.0,0.0,0.5157300686933534,murcko,,0.2698667821278552,0.7615933552588514,,,,,,,,,,,,,,,,C1=CC=CC=C1,C1=CSC=N1,,,,,,,,,,,,,,,,CO,aromatic,0.1349333910639276,C=N/[NH-5][C-1](=O)C1=C(C)N=C(N)S1,aromatic,0.1349333910639276,O,aromatic,0.1349333910639276,,,,COC1=CC(/C=N/[NH-5][C-1]=O)=CC=C1O,aromatic,0.3807966776294257,N,aromatic,0.3807966776294257,C,aromatic,0.3807966776294257,,,,,,,,,,,,,,,,,,,,,,,,,,,,,,,,,,,,,,,,,,,,,,,,,,,,,,,,,,,,,,,,,,,,,,,,,,,,,,,,,,,,,,,,,,,,,,,,,,,,,,,,,,0.5614035087719298,0.55,0.5614035087719298
CMPD_631,Cc1nc(N)sc1[C:1](=O)[NH:5]c1ccc(C(F)(F)F)cc1,0.0838780703023076,0,0.0621005006729277,5,"[0.14798752963542938, 0.014262466691434383, 0.16507691144943237, 0.06686513125896454, 0.02519831247627735]",HIGH,LOW,B,HIGH Agreement + LOW Reliability,"Trust prediction, validate mechanism experimentally",LOW,2.0,0.0,0.0,0.7251072651475051,murcko,,0.761593207005689,0.6886213232893212,,,,,,,,,,,,,,,,C1=CSC=N1,C1=CC=CC=C1,,,,,,,,,,,,,,,,C,aromatic,0.3807966035028445,N,aromatic,0.3807966035028445,O=[C-1][NH-5]C1=CC=C(C(F)(F)F)C=C1,aromatic,0.3807966035028445,,,,CC1=C([C-1](=O)[NH-5])SC(N)=N1,aromatic,0.3443106616446606,FC(F)F,aromatic,0.3443106616446606,,,,,,,,,,,,,,,,,,,,,,,,,,,,,,,,,,,,,,,,,,,,,,,,,,,,,,,,,,,,,,,,,,,,,,,,,,,,,,,,,,,,,,,,,,,,,,,,,,,,,,,,,,,,,0.7380952380952381,0.42857142857142855,0.7380952380952381
CMPD_636,COc1cc(/C=N/[NH:5][C:1](=O)CS)ccc1O,0.0595112024806439,0,0.1009660822437385,5,"[0.0053778961300849915, 0.014950715936720371, 0.007473121862858534, 0.008412349037826061, 0.26134192943573]",HIGH,LOW,B,HIGH Agreement + LOW Reliability,"Trust prediction, validate mechanism experimentally",LOW,1.0,0.0,0.0,0.7615927043969062,murcko,,0.7615927043969062,,,,,,,,,,,,,,,,,C1=CC=CC=C1,,,,,,,,,,,,,,,,,CO,aromatic,0.3807963521984531,C=N/[NH-5][C-1](=O)CS,aromatic,0.3807963521984531,O,aromatic,0.3807963521984531,,,,,,,,,,,,,,,,,,,,,,,,,,,,,,,,,,,,,,,,,,,,,,,,,,,,,,,,,,,,,,,,,,,,,,,,,,,,,,,,,,,,,,,,,,,,,,,,,,,,,,,,,,,,,,,,,,,,,,0.6470588235294118,0.5660377358490566,0.6470588235294118
CMPD_637,COc1cc(/C=N/[NH:5][C:1](C)=O)ccc1O,0.1972160771489143,0,0.0657207372898701,5,"[0.15683495998382568, 0.17994695901870728, 0.20807412266731262, 0.12455341964960098, 0.3166709244251251]",HIGH,LOW,B,HIGH Agreement + LOW Reliability,"Trust prediction, validate mechanism experimentally",LOW,1.0,0.0,0.0,0.7615935021768278,murcko,,0.7615935021768278,,,,,,,,,,,,,,,,,C1=CC=CC=C1,,,,,,,,,,,,,,,,,CO,aromatic,0.3807967510884139,C=N/[NH-5][C-1](C)=O,aromatic,0.3807967510884139,O,aromatic,0.3807967510884139,,,,,,,,,,,,,,,,,,,,,,,,,,,,,,,,,,,,,,,,,,,,,,,,,,,,,,,,,,,,,,,,,,,,,,,,,,,,,,,,,,,,,,,,,,,,,,,,,,,,,,,,,,,,,,,,,,,,,,0.6666666666666666,0.6122448979591837,0.6666666666666666
CMPD_639,CNS(=O)(=O)c1ccc([NH:5][C:1](=O)c2sc(N)nc2C)cc1,0.1306096151471138,0,0.0894722513780765,5,"[0.08133429288864136, 0.2830507159233093, 0.08124775439500809, 0.1760818511247635, 0.03133346140384674]",HIGH,LOW,B,HIGH Agreement + LOW Reliability,"Trust prediction, validate mechanism experimentally",LOW,2.0,0.0,0.0,0.487557338327935,murcko,,0.2135211618118701,0.7615935148439998,,,,,,,,,,,,,,,,C1=CC=CC=C1,C1=CSC=N1,,,,,,,,,,,,,,,,CNS(=O)=O,aromatic,0.106760580905935,CC1=C([C-1](=O)[NH-5])SC(N)=N1,aromatic,0.106760580905935,,,,,,,CNS(=O)(=O)C1=CC=C([NH-5][C-1]=O)C=C1,aromatic,0.3807967574219999,N,aromatic,0.3807967574219999,C,aromatic,0.3807967574219999,,,,,,,,,,,,,,,,,,,,,,,,,,,,,,,,,,,,,,,,,,,,,,,,,,,,,,,,,,,,,,,,,,,,,,,,,,,,,,,,,,,,,,,,,,,,,,,,,,,,,,,,,,0.6666666666666666,0.39285714285714285,0.6666666666666666
CMPD_643,C[C:1](=O)[NH:5]Cc1ccc(Cl)cc1,0.326794758439064,0,0.0952940479609922,5,"[0.19171790778636932, 0.3431062698364258, 0.4835881292819977, 0.33593860268592834, 0.279622882604599]",LOW,LOW,D,LOW Agreement + LOW Reliability,Full experimental validation required,LOW,1.0,0.0,0.0,0.7615935716146703,murcko,,0.7615935716146703,,,,,,,,,,,,,,,,,C1=CC=CC=C1,,,,,,,,,,,,,,,,,C[C-1](=O)[NH-5]C,aromatic,0.3807967858073351,Cl,aromatic,0.3807967858073351,,,,,,,,,,,,,,,,,,,,,,,,,,,,,,,,,,,,,,,,,,,,,,,,,,,,,,,,,,,,,,,,,,,,,,,,,,,,,,,,,,,,,,,,,,,,,,,,,,,,,,,,,,,,,,,,,,,,,,,,,0.6060606060606061,0.43902439024390244,0.6060606060606061
CMPD_644,COc1ccccc1[NH:5][C:1](=O)CS,0.1544685948640108,0,0.2863863773401738,5,"[0.0052834912203252316, 0.015950804576277733, 0.006829001475125551, 0.017116302624344826, 0.7271633744239807]",LOW,LOW,D,LOW Agreement + LOW Reliability,Full experimental validation required,LOW,1.0,0.0,0.0,0.7615916638733277,murcko,,0.7615916638733277,,,,,,,,,,,,,,,,,C1=CC=CC=C1,,,,,,,,,,,,,,,,,CO,aromatic,0.3807958319366638,O=[C-1](CS)[NH-5],aromatic,0.3807958319366638,,,,,,,,,,,,,,,,,,,,,,,,,,,,,,,,,,,,,,,,,,,,,,,,,,,,,,,,,,,,,,,,,,,,,,,,,,,,,,,,,,,,,,,,,,,,,,,,,,,,,,,,,,,,,,,,,,,,,,,,,0.5333333333333333,0.525,0.5333333333333333
CMPD_647,COc1ccccc1[NH:5][C:1](C)=O,0.3585477031767368,0,0.2282163491539927,5,"[0.17278297245502472, 0.05325872078537941, 0.4342299997806549, 0.42356404662132263, 0.7089027762413025]",LOW,LOW,D,LOW Agreement + LOW Reliability,Full experimental validation required,LOW,1.0,0.0,0.0,0.7615930450768673,murcko,,0.7615930450768673,,,,,,,,,,,,,,,,,C1=CC=CC=C1,,,,,,,,,,,,,,,,,CO,aromatic,0.3807965225384336,C[C-1](=O)[NH-5],aromatic,0.3807965225384336,,,,,,,,,,,,,,,,,,,,,,,,,,,,,,,,,,,,,,,,,,,,,,,,,,,,,,,,,,,,,,,,,,,,,,,,,,,,,,,,,,,,,,,,,,,,,,,,,,,,,,,,,,,,,,,,,,,,,,,,,0.5833333333333334,0.5833333333333334,0.5675675675675675
CMPD_646,Cc1ccccc1[NH:5][C:1](=O)CS,0.1324302380904555,0,0.2459649637958471,5,"[0.006190528627485037, 0.014221998862922192, 0.004992506001144648, 0.012436557561159134, 0.6243095993995667]",LOW,HIGH,C,LOW Agreement + HIGH Reliability,"Investigate prediction uncertainty, trust mechanism",HIGH,1.0,1.0,100.0,-0.7615911351127875,murcko,,-0.7615911351127875,,,,,,,,,,,,,,,,,C1=CC=CC=C1,,,,,,,,,,,,,,,,,C,aromatic,-0.3807955675563937,O=[C-1](CS)[NH-5],aromatic,-0.3807955675563937,,,,,,,,,,,,,,,,,,,,,,,,,,,,,,,,,,,,,,,,,,,,,,,,,,,,,,,,,,,,,,,,,,,,,,,,,,,,,,,,,,,,,,,,,,,,,,,,,,,,,,,,,,,,,,,,,,,,,,,,,0.525,0.4864864864864865,0.525
CMPD_649,CCCCCCCC[NH:5][C:1](=O)CS,0.1547698371112346,0,0.2204284604885346,5,"[0.011418989859521389, 0.11163129657506943, 0.01426148135215044, 0.046858713030815125, 0.5896787047386169]",,,,,,,,,,,None - No ring systems,Murcko requires aromatic/aliphatic rings,,,,,,,,,,,,,,,,,,,,,,,,,,,,,,,,,,,,,,,,,,,,,,,,,,,,,,,,,,,,,,,,,,,,,,,,,,,,,,,,,,,,,,,,,,,,,,,,,,,,,,,,,,,,,,,,,,,,,,,,,,,,,,,,,,,,,,,,,,,,,,,,,,,,,,,,,,,,,,,,,0.6333333333333333,0.5625,0.6333333333333333
CMPD_650,O=[C:1](CS)[NH:5]c1ccc(C(F)(F)F)cc1,0.1073077601380646,0,0.1910569836749441,5,"[0.006156702060252428, 0.015488088130950928, 0.010712368413805962, 0.01481826975941658, 0.4893633723258972]",LOW,LOW,D,LOW Agreement + LOW Reliability,Full experimental validation required,LOW,1.0,0.0,0.0,0.7615924542354988,murcko,,0.7615924542354988,,,,,,,,,,,,,,,,,C1=CC=CC=C1,,,,,,,,,,,,,,,,,O=[C-1](CS)[NH-5],aromatic,0.3807962271177494,FC(F)F,aromatic,0.3807962271177494,,,,,,,,,,,,,,,,,,,,,,,,,,,,,,,,,,,,,,,,,,,,,,,,,,,,,,,,,,,,,,,,,,,,,,,,,,,,,,,,,,,,,,,,,,,,,,,,,,,,,,,,,,,,,,,,,,,,,,,,,0.5428571428571428,0.5,0.5428571428571428
CMPD_653,O=[C:1](CS)[NH:5]/N=C/c1cccs1,0.1613366569392383,0,0.3010364264378926,5,"[0.004427419509738684, 0.02291303128004074, 0.010297302156686783, 0.005777418613433838, 0.7632681131362915]",LOW,LOW,D,LOW Agreement + LOW Reliability,Full experimental validation required,LOW,1.0,0.0,0.0,0.7615934139510919,murcko,,0.7615934139510919,,,,,,,,,,,,,,,,,C1=CSC=C1,,,,,,,,,,,,,,,,,C=N/[NH-5][C-1](=O)CS,aromatic,0.3807967069755459,,,,,,,,,,,,,,,,,,,,,,,,,,,,,,,,,,,,,,,,,,,,,,,,,,,,,,,,,,,,,,,,,,,,,,,,,,,,,,,,,,,,,,,,,,,,,,,,,,,,,,,,,,,,,,,,,,,,,,,,,,,,0.5094339622641509,0.38,0.5094339622641509
CMPD_654,C[C:1](=O)[NH:5]S(=O)(=O)c1ccccc1,0.0168080976232886,0,0.0110528456196425,5,"[0.005460074637085199, 0.03495226055383682, 0.007233352866023779, 0.012844706885516644, 0.023550093173980713]",HIGH,HIGH,A,HIGH Agreement + HIGH Reliability,Trust + Use explanation for SAR,HIGH,1.0,1.0,100.0,-0.7615932118385709,murcko,,-0.7615932118385709,,,,,,,,,,,,,,,,,C1=CC=CC=C1,,,,,,,,,,,,,,,,,C[C-1](=O)[NH-5]S(=O)=O,aromatic,-0.3807966059192854,,,,,,,,,,,,,,,,,,,,,,,,,,,,,,,,,,,,,,,,,,,,,,,,,,,,,,,,,,,,,,,,,,,,,,,,,,,,,,,,,,,,,,,,,,,,,,,,,,,,,,,,,,,,,,,,,,,,,,,,,,,,0.6551724137931034,0.38,0.6551724137931034
CMPD_658,C[C:1](=O)[NH:5]c1ccc(C(F)(F)F)cc1,0.3269706055521965,0,0.1790932046932419,5,"[0.26979368925094604, 0.08728692680597305, 0.6143999099731445, 0.423866331577301, 0.23950617015361786]",LOW,LOW,D,LOW Agreement + LOW Reliability,Full experimental validation required,LOW,1.0,0.0,0.0,0.7615936209672642,murcko,,0.7615936209672642,,,,,,,,,,,,,,,,,C1=CC=CC=C1,,,,,,,,,,,,,,,,,C[C-1](=O)[NH-5],aromatic,0.3807968104836321,FC(F)F,aromatic,0.3807968104836321,,,,,,,,,,,,,,,,,,,,,,,,,,,,,,,,,,,,,,,,,,,,,,,,,,,,,,,,,,,,,,,,,,,,,,,,,,,,,,,,,,,,,,,,,,,,,,,,,,,,,,,,,,,,,,,,,,,,,,,,,0.59375,0.5428571428571428,0.59375
CMPD_659,C[C:1](=O)[NH:5]Cc1ccc(F)cc1,0.3340798258781433,0,0.1041327995041608,5,"[0.15505659580230713, 0.35072416067123413, 0.462902694940567, 0.3022085130214691, 0.39950716495513916]",LOW,LOW,D,LOW Agreement + LOW Reliability,Full experimental validation required,LOW,1.0,0.0,0.0,0.7615938326141427,murcko,,0.7615938326141427,,,,,,,,,,,,,,,,,C1=CC=CC=C1,,,,,,,,,,,,,,,,,C[C-1](=O)[NH-5]C,aromatic,0.3807969163070713,F,aromatic,0.3807969163070713,,,,,,,,,,,,,,,,,,,,,,,,,,,,,,,,,,,,,,,,,,,,,,,,,,,,,,,,,,,,,,,,,,,,,,,,,,,,,,,,,,,,,,,,,,,,,,,,,,,,,,,,,,,,,,,,,,,,,,,,,0.5588235294117647,0.4473684210526316,0.5588235294117647
CMPD_660,Cc1nc(N)sc1[C:1](=O)[NH:5]C,0.0508058246225118,0,0.0328664654103687,5,"[0.1146993562579155, 0.028052281588315964, 0.04702842980623245, 0.03878280147910118, 0.025466253980994225]",HIGH,LOW,B,HIGH Agreement + LOW Reliability,"Trust prediction, validate mechanism experimentally",LOW,1.0,0.0,0.0,0.761592269810148,murcko,,0.761592269810148,,,,,,,,,,,,,,,,,C1=CSC=N1,,,,,,,,,,,,,,,,,C,aromatic,0.380796134905074,N,aromatic,0.380796134905074,C[NH-5][C-1]=O,aromatic,0.380796134905074,,,,,,,,,,,,,,,,,,,,,,,,,,,,,,,,,,,,,,,,,,,,,,,,,,,,,,,,,,,,,,,,,,,,,,,,,,,,,,,,,,,,,,,,,,,,,,,,,,,,,,,,,,,,,,,,,,,,,,0.5789473684210527,0.3695652173913043,0.5789473684210527
CMPD_681,Cc1nc(N)sc1[C:1](=O)[NH:5]CN,0.0376436784863472,0,0.0146891601846904,5,"[0.0514075830578804, 0.03064987249672413, 0.0574040412902832, 0.03138180822134018, 0.01737508736550808]",HIGH,LOW,B,HIGH Agreement + LOW Reliability,"Trust prediction, validate mechanism experimentally",LOW,1.0,0.0,0.0,0.7615937382766597,murcko,,0.7615937382766597,,,,,,,,,,,,,,,,,C1=CSC=N1,,,,,,,,,,,,,,,,,C,aromatic,0.3807968691383298,N,aromatic,0.3807968691383298,NC[NH-5][C-1]=O,aromatic,0.3807968691383298,,,,,,,,,,,,,,,,,,,,,,,,,,,,,,,,,,,,,,,,,,,,,,,,,,,,,,,,,,,,,,,,,,,,,,,,,,,,,,,,,,,,,,,,,,,,,,,,,,,,,,,,,,,,,,,,,,,,,,0.5238095238095238,0.3673469387755102,0.5238095238095238
CMPD_683,Cc1nc(N)sc1[C:1](=O)[NH:5]N,0.1128590047359466,0,0.1029031626424841,5,"[0.2973449230194092, 0.03447675704956055, 0.04947476089000702, 0.15409496426582336, 0.028903618454933167]",HIGH,LOW,B,HIGH Agreement + LOW Reliability,"Trust prediction, validate mechanism experimentally",LOW,1.0,0.0,0.0,0.7615938766370778,murcko,,0.7615938766370778,,,,,,,,,,,,,,,,,C1=CSC=N1,,,,,,,,,,,,,,,,,C,aromatic,0.3807969383185389,N,aromatic,0.3807969383185389,N[NH-5][C-1]=O,aromatic,0.3807969383185389,,,,,,,,,,,,,,,,,,,,,,,,,,,,,,,,,,,,,,,,,,,,,,,,,,,,,,,,,,,,,,,,,,,,,,,,,,,,,,,,,,,,,,,,,,,,,,,,,,,,,,,,,,,,,,,,,,,,,,0.5641025641025641,0.4883720930232558,0.5641025641025641
CMPD_682,Cc1nc(N)sc1[C:1](=O)[NH:5][SH](=O)=O,0.0468984223902225,0,0.031289032797816,5,"[0.03426731750369072, 0.01873593032360077, 0.06405724585056305, 0.09975615888834, 0.017675459384918213]",HIGH,LOW,B,HIGH Agreement + LOW Reliability,"Trust prediction, validate mechanism experimentally",LOW,1.0,0.0,0.0,0.7615919222767288,murcko,,0.7615919222767288,,,,,,,,,,,,,,,,,C1=CSC=N1,,,,,,,,,,,,,,,,,C,aromatic,0.3807959611383644,N,aromatic,0.3807959611383644,O=[SH](=O)[NH-5][C-1]=O,aromatic,0.3807959611383644,,,,,,,,,,,,,,,,,,,,,,,,,,,,,,,,,,,,,,,,,,,,,,,,,,,,,,,,,,,,,,,,,,,,,,,,,,,,,,,,,,,,,,,,,,,,,,,,,,,,,,,,,,,,,,,,,,,,,,0.5238095238095238,0.34,0.5238095238095238
CMPD_689,CC(C)C[NH:5][C:1](C)=O,0.1209514271467924,0,0.1198801021186924,5,"[0.07179675996303558, 0.07587895542383194, 0.35463467240333557, 0.09044469147920609, 0.01200205646455288]",,,,,,,,,,,None - No ring systems,Murcko requires aromatic/aliphatic rings,,,,,,,,,,,,,,,,,,,,,,,,,,,,,,,,,,,,,,,,,,,,,,,,,,,,,,,,,,,,,,,,,,,,,,,,,,,,,,,,,,,,,,,,,,,,,,,,,,,,,,,,,,,,,,,,,,,,,,,,,,,,,,,,,,,,,,,,,,,,,,,,,,,,,,,,,,,,,,,,,0.56,0.2962962962962963,0.56
