COMPOUND_ID,pathogen_model,priority_tier,source_library,product_linkage_type,clean_smiles,similarity_to_training,ensemble_prediction,decision_scenario,reliability_status,MW,LogP,TPSA,SA_score
CMPD_385,CA,1,SA_EC,amide,C[C@H]1NC[C@@H]1NC(=O)c1ccc(F)cc1,0.3720930232558139,0.8595603108406067,A,HIGH,208.236,0.9158,41.13,2.9326295813827894
CMPD_216,CA,1,CA,amide,NC(O)CC(=O)N(Cc1ccco1)c1ccc2oc(-c3ccccc3)nc2c1,0.3857142857142857,0.7977739095687866,A,HIGH,377.4000000000001,3.2882000000000016,105.73,2.954361897633304
CMPD_428,CA,1,SA_CA,amide,CCC(=O)N(C1=C[N+]=CC=C1)c1ccccc1,0.3191489361702128,0.7762492060661316,A,HIGH,226.279,2.2474000000000007,34.410000000000004,3.5973576336458937
CMPD_352,CA,1,SA_EC,amide,C[C@H](NC(=O)c1ccc(F)cc1)[C@@H]1CCNC1,0.35,0.6982165455818177,A,HIGH,236.29,1.5534999999999997,41.13,2.706889280683166
CMPD_111,CA,1,EC,amide,N#Cc1ccccc1-c1ccc(CNC(=O)C[C@@H](C[S+][O-])CC(=O)O)cc1,0.38,0.6704383373260498,A,HIGH,383.44900000000007,2.53548,113.25,3.225827818182481
CMPD_482,CA,2,SA_CA,amide,CCC(=O)N(CCCNCCCCCCCCCCNCCCNCCCc1ccccc1)CCCc1ccccc1,0.5681818181818182,0.8296391487121582,A,HIGH,578.9300000000004,7.160400000000007,56.400000000000006,2.5080510358001185
CMPD_190,CA,3,EC,urea,C[C@@](C[CH]CNC(=O)NOCc1cc(=O)c(O)cn1O)(C(=O)NO)S(C)(=O)=O,0.2261904761904762,0.8882350444793701,A,HIGH,421.4080000000001,-1.574909999999998,196.29,4.279233068804475
CMPD_066,CA,3,SA,urea,CCNC(=O)NC(N)NC(=O)N(C[CH]CNC(C)=O)c1ccc(-c2ccc(C=N)c(O)c2)c(F)c1,0.2666666666666666,0.758822500705719,A,HIGH,486.5280000000001,1.6137600000000016,172.67,3.916663768324071
CMPD_197,EC,1,EC,urea,C#Cc1ccc2c(c1)CC[C@@H]2N(C(=O)NC[CH]C[C@](C)(C(=O)NO)S(C)(=O)=O)[C@H](C(=O)NO)[C@@H](C)O,0.3488372093023256,0.9928134560585022,A,HIGH,523.5880000000003,-0.1753099999999972,185.37,4.81843240392856
CMPD_151,EC,1,EC,urea,Cc1noc(N(C(=O)NC[CH]C[C@](C)(C(=O)NO)S(C)(=O)=O)S(=O)(=O)c2ccccc2)c1C,0.3571428571428571,0.9826329708099364,A,HIGH,501.5630000000003,1.09943,175.98,3.859933626806989
CMPD_156,EC,1,EC,urea,C[C@@](C[CH]CNC(=O)Nc1ncc2cc(-c3c(Cl)cccc3Cl)cnc2n1)(C(=O)NO)S(C)(=O)=O,0.3157894736842105,0.9710289597511292,A,HIGH,540.4090000000002,3.0231900000000005,163.26999999999998,3.786636845247149
CMPD_141,EC,1,EC,urea,C[C@@](C[CH]CNC(=O)N[C@H](CC#N)c1cccc(Cl)c1)(C(=O)NO)S(C)(=O)=O,0.3552631578947368,0.963107979297638,A,HIGH,429.9060000000001,1.49707,148.39,3.9699354358129657
CMPD_199,EC,1,EC,urea,CC(NCCC(=O)N/N=C/c1c(O)ccc2ccccc12)NC(=O)NC[CH]C[C@](C)(C(=O)NO)S(C)(=O)=O,0.4444444444444444,0.9630678772926332,A,HIGH,549.6300000000003,0.5234900000000021,198.32,4.120165100640675
CMPD_200,EC,1,EC,urea,C[C@@](C[CH]CNC(=O)Nc1nc(-c2ccc(NC(=O)c3ccccc3)cc2)c(N=N)s1)(C(=O)NO)S(C)(=O)=O,0.3975903614457831,0.9627087473869324,A,HIGH,572.6490000000001,3.749460000000001,202.8,3.723315821283696
CMPD_195,EC,1,EC,urea,CC(C)C(ONC(=O)NC[CH]C[C@](C)(C(=O)NO)S(C)(=O)=O)c1cc(=O)c(O)cn1O,0.34,0.9465075254440308,A,HIGH,463.48900000000015,-0.3778099999999977,196.29,4.709998090479195
CMPD_176,EC,1,EC,urea,C[C@@](C[CH]CNC(=O)Nc1ccc2cnc(N)nc2n1)(C(=O)NO)S(C)(=O)=O,0.3142857142857143,0.9426098108291626,A,HIGH,410.43600000000015,-0.3684099999999985,189.29,3.800640170237892
CMPD_165,EC,1,EC,urea,C[C@@](C[CH]CNC(=O)NC(=N)c1ccccc1)(C(=O)NO)S(C)(=O)=O,0.4385964912280701,0.9360079884529112,A,HIGH,369.4230000000001,0.2142600000000017,148.45000000000002,3.759765558531132
CMPD_135,EC,1,EC,urea,C[C@@](C[CH]CNC(=O)NCc1ccc(-c2ccccc2C#N)cc1)(C(=O)NO)S(C)(=O)=O,0.4307692307692308,0.9300018787384032,A,HIGH,457.5320000000002,1.92757,148.39,3.366414813315295
CMPD_142,EC,1,EC,urea,CCNc1cc(F)ccc1NC(=O)NC[CH]C[C@](C)(C(=O)NO)S(C)(=O)=O,0.3283582089552239,0.9191813468933104,A,HIGH,403.4560000000001,1.28209,136.63,3.538463648141996
CMPD_230,EC,1,CA,amide,NC(O)CC(=O)N(Cc1cc2ccccc2o1)c1ccc2oc(-c3ccccc3)nc2c1,0.4067796610169492,0.8976637363433838,A,HIGH,427.46000000000015,4.4414000000000025,105.73,3.034930818278076
CMPD_216,EC,1,CA,amide,NC(O)CC(=O)N(Cc1ccco1)c1ccc2oc(-c3ccccc3)nc2c1,0.4067796610169492,0.774632728099823,A,HIGH,377.4000000000001,3.2882000000000016,105.73,2.954361897633304
CMPD_279,EC,1,CA,amide,CCCCCCCCCCCCCCN(C(=O)[C@H](Cn1ccnc1)NC(=O)C(N)S)C(C)CC,0.3508771929824561,0.7251193761825562,A,HIGH,495.7780000000001,4.910700000000004,93.25,3.7811248860835978
CMPD_429,EC,1,SA_CA,amide,CCCCCCCCN(C(=O)CCCNC(=O)CS)C1=CCN(C)CC1,0.3461538461538461,0.7059513568878174,A,HIGH,383.60200000000015,3.221100000000002,52.65,2.854756359853546
CMPD_320,EC,1,SA_EC,amide,O=C(NCCc1nnc(S)n1Cc1ccccc1)c1ccc(F)cc1,0.4137931034482758,0.6973549604415894,A,HIGH,356.42600000000004,2.726700000000001,59.81,2.0808646977151035
CMPD_138,EC,1,EC,urea,Cc1noc(N(C(=O)NC[CH]C(=O)NO)S(=O)(=O)c2ccccc2)c1C,0.3582089552238806,0.6812106728553772,A,HIGH,381.3900000000001,0.90603,141.84,3.102415404956619
CMPD_594,EC,1,CA_EC,amide,CNCCOP(=O)(NC(Cc1ccccc1)C(=O)N(CCOPNCCc1ccccc1)C1=CCOc2ccccc21)Oc1ccccc1,0.3939393939393939,0.6449842751026154,A,HIGH,702.7290000000003,6.229900000000006,110.39,4.477686220407687
CMPD_237,EC,1,CA,amide,CCCCCCCCCCCCCCNC(=O)[C@H](Cn1ccnc1)NC(=O)C(N)S,0.4117647058823529,0.5992305040359497,A,HIGH,439.6700000000001,3.3998000000000013,102.04,3.373251878639625
CMPD_413,EC,2,SA_CA,amide,C/C(=N/NC(=O)[C@H](CC(C)C)NC(=O)CS)c1c(O)ccc2c(C)cc(=O)oc12,0.5230769230769231,0.8847964763641357,A,HIGH,419.5030000000002,2.10792,121.0,3.3081591167009403
CMPD_415,EC,2,SA_CA,amide,C/C(=N/NC(=O)[C@@H](NC(=O)CS)C(C)C)c1c(O)ccc2c(C)cc(=O)oc12,0.53125,0.8590913653373718,A,HIGH,405.47600000000017,1.71782,121.0,3.278791846351253
CMPD_628,EC,2,TRIPLE,amide,COc1cc(/C=N/NC(=O)c2sc(N)nc2C)ccc1O,0.5614035087719298,0.805456006526947,A,HIGH,306.34700000000004,1.51182,109.83,2.322192426798217
CMPD_422,EC,2,SA_CA,amide,C/C(=N/NC(=O)CCCNC(=O)CS)c1c(O)ccc2c(C)cc(=O)oc12,0.53125,0.7907830715179444,A,HIGH,391.4490000000002,1.4734199999999995,121.0,2.781746336058397
CMPD_162,EC,3,EC,urea,Cc1ccc2[nH]c(N(CCC#N)C(=O)NC[CH]C[C@](C)(C(=O)NO)S(C)(=O)=O)nc2n1,0.2941176470588235,0.9871472358703614,A,HIGH,450.5010000000002,0.5990900000000007,181.17,4.123518312983294
CMPD_669,EC,3,TRIPLE,amide,O=C(CS)NN1C(=O)CNC1=S,0.2857142857142857,0.7782926321029663,A,HIGH,205.264,-1.3358999999999996,61.440000000000005,3.5051194460232225
CMPD_161,EC,4,EC,urea,CC(C)c1ccc2c(c1)CC[C@H]1[C@](C)(CNC(=O)NC[CH]C[C@](C)(C(=O)NO)S(C)(=O)=O)CCC[C@]21C,0.6081081081081081,0.9253096461296082,A,HIGH,534.7430000000003,4.022590000000002,124.6,4.552388489084954
CMPD_096,SA,1,SA,urea,COc1ccc2ncc(F)c(C[C@H](O)[C@H]3OC[C@H](N(C)C(=O)N(C[CH]CNC(C)=O)c4ccc(-c5ccc(C=N)c(O)c5)c(F)c4)CO3)c2n1,0.4454545454545454,0.9936635613441468,A,HIGH,691.7120000000002,3.830560000000002,170.42999999999995,4.517487632540008
CMPD_098,SA,1,SA,urea,COc1ccc2ncc(F)c(C[C@H](O)[C@H]3OC[C@H](N(C)C(=O)N(C[CH]CNC(C)=O)c4ccc(-c5ccc(C=N)c(O)c5)c(F)c4)CO3)c2c1,0.4423076923076923,0.990149700641632,A,HIGH,690.7240000000003,4.435560000000003,157.53999999999996,4.423729390781766
CMPD_087,SA,1,SA,urea,COc1ccc2nccc(CC[C@H]3OC[C@H](N(C)C(=O)N(C[CH]CNC(C)=O)c4ccc(-c5ccc(C=N)c(O)c5)c(F)c4)CO3)c2c1,0.4411764705882353,0.9822525382041932,A,HIGH,656.7350000000002,5.325660000000005,137.30999999999997,3.781671184430646
CMPD_069,SA,1,SA,urea,CC(=O)NC[CH]CN(C(=O)N(C[C@H]1CNC(=O)O1)c1ccon1)c1ccc(-c2ccc(C=N)c(O)c2)c(F)c1,0.3703703703703703,0.982061553001404,A,HIGH,537.5280000000002,3.065760000000001,161.08999999999995,4.251631951819826
CMPD_077,SA,1,SA,urea,CC(=O)NC[CH]CN(C(=O)N1CCN(c2c(F)cccc2F)CCN1C(=O)CO)c1ccc(-c2ccc(C=N)c(O)c2)c(F)c1,0.3557692307692308,0.9772387742996216,A,HIGH,625.628,3.299060000000002,140.51,3.701389392443073
CMPD_479,SA,1,SA_CA,amide,CCC(=O)N(CCCNCCCCCCCCCCNCCCNCCc1cc[nH]c1)CCCc1ccccc1,0.4363636363636363,0.9729479074478148,A,HIGH,553.8800000000003,6.098400000000005,72.19,2.82081028053992
CMPD_086,SA,1,SA,urea,CC(=O)NC[CH]CN(C(=O)N(C)CCCNc1nc2ccccc2[nH]1)c1ccc(-c2ccc(C=N)c(O)c2)c(F)c1,0.3153153153153153,0.9715027451515198,A,HIGH,558.6380000000003,4.773060000000004,137.44,3.4132040385845395
CMPD_499,SA,1,SA_CA,amide,CC(C)[C@H](NC(=O)CS)C(=O)N(CCCNCCCCCCCCCCNCCCNCCc1c[nH]c2ccccc12)CCCc1ccccc1,0.4492753623188406,0.9516745805740356,A,HIGH,721.1130000000004,6.912200000000007,101.29,3.513600021696816
CMPD_500,SA,1,SA_CA,amide,CC(C)C[C@H](NC(=O)CS)C(=O)N(CCCNCCCCCCCCCCNCCCNCCc1c[nH]c2ccccc12)CCCc1ccccc1,0.4366197183098591,0.950322949886322,A,HIGH,735.1400000000003,7.302300000000007,101.29,3.546080325299693
CMPD_036,SA,1,SA,urea,CC(=O)NC[CH]CN(C(=O)N1C[C@@H]2C(C#N)[C@@H]2C1)c1ccc(-c2ccc(C=N)c(O)c2)c(F)c1,0.3846153846153846,0.9462375283241272,A,HIGH,462.5050000000002,3.164140000000001,120.52,4.500419460982382
CMPD_095,SA,1,SA,urea,CC(=O)NC[CH]CN(C(=O)NC(=N)Nc1nccc(-c2scnc2C)n1)c1ccc(-c2ccc(C=N)c(O)c2)c(F)c1,0.3085106382978723,0.9457441926002502,A,HIGH,588.649,4.321150000000002,180.07,3.8086013012375775
CMPD_064,SA,1,SA,urea,CC(=O)NC[CH]CN(C(=O)N1CCNN(C(=O)CO)CC1)c1ccc(-c2ccc(C=N)c(O)c2)c(F)c1,0.3725490196078431,0.939260470867157,A,HIGH,513.5500000000003,1.10386,149.29999999999998,3.645080738495724
CMPD_438,SA,1,SA_CA,amide,CC(C)C[C@H](NC(=O)CS)C(=O)N(C[C@H]1CN(c2ccc(N3CCOCC3)cc2)CO1)Sc1ccccc1,0.3258426966292135,0.935480296611786,A,HIGH,558.7700000000004,3.6825000000000014,74.35000000000001,3.849448388735784
CMPD_220,SA,1,CA,amide,O=CN[C@@H](Cn1ccnc1)C(=O)N(NC=O)c1cccc(Cl)c1,0.3970588235294117,0.9327825665473938,A,HIGH,335.7510000000001,0.3452999999999995,96.33,3.6430837906387534
CMPD_241,SA,1,CA,amide,COc1ccc(N(NC=O)C(=O)[C@H](Cn2ccnc2)NC=O)cc1,0.3768115942028985,0.9302680253982544,A,HIGH,331.332,-0.2994999999999999,105.56,3.5089089518324545
CMPD_092,SA,1,SA,urea,CC(=O)NC[CH]CN(C(=O)NC(=N)N/N=C/CCNS(=O)(=O)c1ccccc1)c1ccc(-c2ccc(C=N)c(O)c2)c(F)c1,0.3063063063063063,0.928008234500885,A,HIGH,623.6910000000001,2.9311300000000005,199.93,3.695695286184512
CMPD_051,SA,1,SA,urea,CC(=O)NC[CH]CN(C(=O)Nc1ccc2c(c1)CCC2)c1ccc(-c2ccc(C=N)c(O)c2)c(F)c1,0.3469387755102041,0.9273076891899108,A,HIGH,487.5550000000003,5.063560000000004,105.52,3.146548059689546
CMPD_240,SA,1,CA,amide,COc1cccc(N(NC=O)C(=O)[C@H](Cn2ccnc2)NC=O)c1,0.3648648648648648,0.9217669367790222,A,HIGH,331.332,-0.2994999999999999,105.56,3.581800807036074
CMPD_070,SA,1,SA,urea,CC(=O)NC[CH]CN(C(=O)Nc1c[nH]c2ccccc12)c1ccc(-c2ccc(C=N)c(O)c2)c(F)c1,0.3636363636363636,0.9167716264724732,A,HIGH,486.52700000000016,5.056160000000003,121.31,3.206227697698597
CMPD_497,SA,1,SA_CA,amide,CC(C)C[C@H](NC(=O)CS)C(=O)N(CCCNCCCCCCCCCCNCCCNCCc1cc[nH]c1)CCCc1ccccc1,0.373134328358209,0.9166300058364868,A,HIGH,685.0800000000004,6.149100000000005,101.29,3.60132151030622
CMPD_099,SA,1,SA,urea,CC(=O)NC[CH]CN(C(=O)NS(=O)(=O)Nc1ccc(-n2ccc(C(F)(F)F)n2)cc1)c1ccc(-c2ccc(C=N)c(O)c2)c(F)c1,0.3333333333333333,0.915131664276123,A,HIGH,660.6300000000002,4.613760000000003,169.51,3.599060855439987
CMPD_066,SA,1,SA,urea,CCNC(=O)NC(N)NC(=O)N(C[CH]CNC(C)=O)c1ccc(-c2ccc(C=N)c(O)c2)c(F)c1,0.3372093023255814,0.9138169050216676,A,HIGH,486.5280000000001,1.6137600000000016,172.67,3.916663768324071
CMPD_495,SA,1,SA_CA,amide,CC(C)[C@H](NC(=O)CS)C(=O)N(CCCNCCCCCCCCCCNCCCNCCc1cc[nH]c1)CCCc1ccccc1,0.3846153846153846,0.9128185153007508,A,HIGH,671.0530000000005,5.759000000000005,101.29,3.5738581228300426
CMPD_049,SA,1,SA,urea,CC(=O)NC[CH]CN(C(=O)NCc1nccs1)c1ccc(-c2ccc(C=N)c(O)c2)c(F)c1,0.3333333333333333,0.8812286615371704,A,HIGH,468.53400000000016,3.709060000000002,118.41,3.318288688078021
CMPD_050,SA,1,SA,urea,CC(=O)NC[CH]CN(C(=O)NCCC1CCCCC1)c1ccc(-c2ccc(C=N)c(O)c2)c(F)c1,0.3608247422680412,0.8792179703712464,A,HIGH,481.5920000000004,5.022760000000004,105.52,3.2012483285235938
CMPD_424,SA,1,SA_CA,amide,CC(C)[C@H](NC(=O)CS)C(=O)N(C[C@H]1CN(c2ccc(N3CCOCC3)cc2)CO1)Sc1ccccc1,0.3225806451612903,0.8749819278717041,A,HIGH,544.7430000000004,3.292400000000001,74.35000000000001,3.827327099920942
CMPD_471,SA,1,SA_CA,amide,CCC(=O)N(CCCNCCCCCCNCCCNCCc1cc[nH]c1)CCCc1ccccc1,0.4363636363636363,0.8597659826278686,A,HIGH,497.7720000000002,4.538000000000004,72.19,2.7424629149785424
CMPD_205,SA,1,CA,amide,O=CN[C@@H](Cn1ccnc1)C(=O)N(C(=S)S)c1ccccc1,0.4259259259259259,0.8486628413200379,A,HIGH,334.42600000000004,1.2455999999999996,67.23,3.482228909495694
CMPD_093,SA,1,SA,urea,CC(=O)NC[CH]CN(C(=O)NCCCNc1cc(O)c2ccccc2n1)c1ccc(-c2ccc(C=N)c(O)c2)c(F)c1,0.4,0.8469570755958558,A,HIGH,571.6330000000003,4.808360000000004,150.67000000000002,3.38276550204176
CMPD_097,SA,1,SA,urea,CC(=O)NC[CH]CN(C(=O)NC(=N)N/N=C(\C)c1ccc(NC(N)=O)cc1)c1ccc(-c2ccc(C=N)c(O)c2)c(F)c1,0.3614457831325301,0.8464545011520386,A,HIGH,588.6240000000001,3.491530000000001,208.88,3.57650047557461
CMPD_019,SA,1,SA,urea,CC(=O)NC[CH]CN(C(=O)NN(C)C=S)c1ccc(-c2ccc(C=N)c(O)c2)c(F)c1,0.351063829787234,0.8428891479969025,A,HIGH,444.5120000000001,2.8563600000000013,108.76,3.701243070118236
CMPD_527,SA,1,CA_EC,amide,CCC(C)OCCCCCCCCNC(=N)NC(=O)N(C)Cc1ccccc1,0.3548387096774194,0.8175575494766235,A,HIGH,390.5720000000001,4.508070000000004,77.45,2.973461345864397
CMPD_045,SA,1,SA,urea,CC(=O)NC[CH]CN(C(=O)N(C)c1ccon1)c1ccc(-c2ccc(C=N)c(O)c2)c(F)c1,0.34,0.8121649026870728,A,HIGH,452.4660000000002,3.5871600000000026,122.76,3.5768791724884217
CMPD_496,SA,1,SA_CA,amide,CC(C)C[C@H](NC(=O)CS)C(=O)N(CCCNCCCCCCNCCCNCCc1c[nH]c2ccccc12)CCCc1ccccc1,0.4366197183098591,0.7912987112998963,A,HIGH,679.0320000000003,5.7419000000000056,101.29,3.439334459946508
CMPD_494,SA,1,SA_CA,amide,CC(C)[C@H](NC(=O)CS)C(=O)N(CCCNCCCCCCNCCCNCCc1c[nH]c2ccccc12)CCCc1ccccc1,0.4492753623188406,0.7754910349845886,A,HIGH,665.0050000000002,5.351800000000006,101.29,3.408297828712396
CMPD_671,SA,1,TRIPLE,amide,Cc1nc(/N=C2\NC(=O)CS2)sc1C(=O)NC1=NCN=C(N(C)C)N1,0.375,0.7541679739952087,A,HIGH,380.4590000000001,-0.1338799999999999,123.44,3.9644395878249945
CMPD_197,SA,1,EC,urea,C#Cc1ccc2c(c1)CC[C@@H]2N(C(=O)NC[CH]C[C@](C)(C(=O)NO)S(C)(=O)=O)[C@H](C(=O)NO)[C@@H](C)O,0.3058823529411765,0.7116702616214752,A,HIGH,523.5880000000003,-0.1753099999999972,185.37,4.81843240392856
CMPD_602,SA,1,TRIPLE,amide,Cc1nc(/N=C2\NC(=O)CS2)sc1C(=O)N1CCC(C)CC1,0.4067796610169492,0.6515361785888671,A,HIGH,338.4580000000002,2.1741200000000003,74.66,3.1167404787748465
CMPD_490,SA,1,SA_CA,amide,CC(C)C[C@H](NC(=O)CS)C(=O)N(CCCNCCCCCCNCCCNCCc1cc[nH]c1)CCCc1ccccc1,0.373134328358209,0.6226096987724304,A,HIGH,628.9720000000002,4.588700000000005,101.29,3.518085381966851
CMPD_481,SA,2,SA_CA,amide,CCC(=O)N(CCCNCCCCCCCCCCNCCCNCCc1c[nH]c2ccccc12)CCCc1ccccc1,0.5084745762711864,0.981801414489746,A,HIGH,603.9400000000002,7.251600000000008,72.19,2.73830246759597
CMPD_482,SA,2,SA_CA,amide,CCC(=O)N(CCCNCCCCCCCCCCNCCCNCCCc1ccccc1)CCCc1ccccc1,0.5681818181818182,0.9768673539161682,A,HIGH,578.9300000000004,7.160400000000007,56.400000000000006,2.5080510358001185
CMPD_024,SA,2,SA,amide,COc1ccc2ncc(F)c(C[C@H](O)[C@H]3OC[C@H](N(C)C(=O)NCCN(O)Cc4ccccc4)CO3)c2n1,0.5402298850574713,0.9716731548309326,A,HIGH,529.5690000000002,1.9552,129.51,3.8685557044728487
CMPD_498,SA,2,SA_CA,amide,O=C(CS)NCCCC(=O)N(CCCNCCCCCCCCCCNCCCNCCc1c[nH]c2ccccc12)CCCc1ccccc1,0.5396825396825397,0.9534708499908447,A,HIGH,707.0860000000004,6.667800000000006,101.29,3.021465676220336
CMPD_084,SA,2,SA,urea,COc1ccc2ncc(F)c(C[C@H](O)[C@H]3OC[C@H](N(C)C(=O)N[C@H]([CH]CNC(C)=O)CO)CO3)c2n1,0.532608695652174,0.9482909202575684,A,HIGH,508.5270000000002,-0.2349099999999983,155.37,4.501706539075142
CMPD_489,SA,2,SA_CA,amide,CC(C)[C@H](NC(=O)CS)C(=O)N(CCCNCCCCCCCCCCNCCCNCCCc1ccccc1)CCCc1ccccc1,0.4814814814814814,0.947434401512146,A,HIGH,696.1030000000005,6.821000000000007,85.5,3.36752826053925
CMPD_491,SA,2,SA_CA,amide,CC(C)C[C@H](NC(=O)CS)C(=O)N(CCCNCCCCCCCCCCNCCCNCCCc1ccccc1)CCCc1ccccc1,0.4642857142857143,0.946127700805664,A,HIGH,710.1300000000003,7.211100000000007,85.5,3.4012373445521327
CMPD_478,SA,2,SA_CA,amide,CCC(=O)N(CCCNCCCCCCNCCCNCCc1c[nH]c2ccccc12)CCCc1ccccc1,0.5084745762711864,0.9424148440361024,A,HIGH,547.8320000000003,5.691200000000005,72.19,2.6299950263026304
CMPD_480,SA,2,SA_CA,amide,CCC(=O)N(CCCNCCCCCCNCCCNCCCc1ccccc1)CCCc1ccccc1,0.5681818181818182,0.9290645003318788,A,HIGH,522.8220000000003,5.600000000000005,56.400000000000006,2.461620444908803
CMPD_339,SA,2,SA_EC,amide,CCn1cc(C(=O)O)c(=O)c2c(NC(=O)c3ccc(F)cc3)c(F)cc(F)c21,0.4838709677419355,0.9285385727882384,A,HIGH,390.31700000000006,3.389200000000001,88.4,2.433433050735537
CMPD_493,SA,2,SA_CA,amide,O=C(CS)NCCCC(=O)N(CCCNCCCCCCCCCCNCCCNCCc1cc[nH]c1)CCCc1ccccc1,0.5,0.9019355177879332,A,HIGH,657.0260000000004,5.514600000000004,101.29,3.080140273974207
CMPD_336,SA,2,SA_EC,amide,CCn1cc(C(=O)O)c(=O)c2c(NC(=O)c3ccco3)c(F)cc(F)c21,0.4666666666666667,0.7827776193618774,A,HIGH,362.28800000000007,2.8431000000000006,101.54,2.624060042009706
CMPD_026,SA,2,SA,amide,COc1ccc2ncc(F)c(C[C@H](O)[C@H]3OC[C@H](N(C)C(=O)NCCN(O)Cc4ccccc4)CO3)c2c1,0.5402298850574713,0.7733060479164123,A,HIGH,528.5810000000002,2.5602,116.62,3.7470172429343886
CMPD_530,SA,2,CA_EC,amide,CCC(C)OCCCCCCCCNC(=N)NC(=O)C(N)Cc1ccccc1,0.5555555555555556,0.7581883013248444,A,HIGH,390.5720000000001,3.3526700000000016,100.23,3.2154817649268885
CMPD_485,SA,2,SA_CA,amide,CC(C)C[C@H](NC(=O)CS)C(=O)N(CCCNCCCCCCNCCCNCCCc1ccccc1)CCCc1ccccc1,0.4642857142857143,0.7487949132919312,A,HIGH,654.0220000000003,5.650700000000006,85.5,3.2902098688958805
CMPD_484,SA,2,SA_CA,amide,CC(C)[C@H](NC(=O)CS)C(=O)N(CCCNCCCCCCNCCCNCCCc1ccccc1)CCCc1ccccc1,0.4814814814814814,0.7315834879875183,A,HIGH,639.9950000000003,5.260600000000006,85.5,3.257743748569532
CMPD_674,SA,2,TRIPLE,amide,Cc1nc(N)sc1C(=O)NC1=NCN=C(N(C)C)N1,0.4615384615384615,0.6878059804439545,A,HIGH,281.345,-0.4021799999999995,108.0,3.4158098902700784
CMPD_492,SA,2,SA_CA,amide,O=C(CS)NCCCC(=O)N(CCCNCCCCCCNCCCNCCc1c[nH]c2ccccc12)CCCc1ccccc1,0.5396825396825397,0.6826952815055847,A,HIGH,650.9780000000002,5.1074000000000055,101.29,2.91335360730754
CMPD_464,SA,3,SA_CA,amide,CC(C)C[C@H](NC(=O)CS)C(=O)N(/C=C/C=C1\CCCC(/C=C/C2=[N+]c3ccccc3C2)=C1N1CCNCC1)c1ccccc1,0.2608695652173913,0.9677081227302552,A,HIGH,623.8670000000003,5.484400000000005,78.78,4.469879724900892
CMPD_094,SA,3,SA,urea,CC(=O)NC[CH]CN(C(=O)N(C(=S)NC(=O)c1ccc(CS)cc1)c1c(Cl)cccc1Cl)c1ccc(-c2ccc(C=N)c(O)c2)c(F)c1,0.2982456140350877,0.9548420786857604,A,HIGH,725.6750000000001,7.4208600000000065,125.83,3.714299472628516
CMPD_453,SA,3,SA_CA,amide,CC(C)[C@H](NC(=O)CS)C(=O)N(/C=C/C=C1\CCCC(/C=C/C2=[N+]c3ccccc3C2)=C1N1CCNCC1)c1ccccc1,0.2568807339449541,0.9418859004974364,A,HIGH,609.8400000000003,5.094300000000005,78.78,4.459796102742139
CMPD_133,SA,3,EC,amide,C#Cc1ccc2c(c1)CC[C@@H]2N(C(=O)Cc1ccc(O)c(O)c1)[C@H](C(=O)NO)[C@@H](C)O,0.2727272727272727,0.8027068972587585,A,HIGH,424.4530000000002,1.3924999999999994,130.33,3.9320258635406633
CMPD_040,SA,3,SA,amide,CC(=O)N(C[C@H]1CNC(=O)O1)c1ccon1,0.253012048192771,0.7761300086975098,A,HIGH,225.204,0.1358999999999995,84.67,3.703199238575383
CMPD_073,SA,3,SA,urea,CC(=O)NC[CH][C@H](CO)NC(=O)N(C[C@H]1CNC(=O)O1)c1ccon1,0.2592592592592592,0.7194608807563782,A,HIGH,354.3430000000001,-0.999709999999998,146.03000000000003,4.457332753700571
CMPD_023,SA,3,SA,amide,O=C1NC[C@H](CN(C(=O)NCCN(O)Cc2ccccc2)c2ccon2)O1,0.2463768115942029,0.6335617899894714,A,HIGH,375.3850000000001,1.1904,120.17,3.6132248907455455
CMPD_487,SA,4,SA_CA,amide,O=C(CS)NCCCC(=O)N(CCCNCCCCCCCCCCNCCCNCCCc1ccccc1)CCCc1ccccc1,0.6382978723404256,0.9437195539474488,A,HIGH,682.0760000000005,6.576600000000006,85.5,2.8439303581780635
CMPD_013,SA,4,SA,amide,COc1ccc2ncc(F)c(C[C@H](O)[C@H]3OC[C@H](N(C)C(C)=O)CO3)c2n1,0.6338028169014085,0.7821714758872986,A,HIGH,379.38800000000015,0.9006999999999998,94.01,3.745163186603534
CMPD_483,SA,4,SA_CA,amide,O=C(CS)NCCCC(=O)N(CCCNCCCCCCNCCCNCCCc1ccccc1)CCCc1ccccc1,0.6382978723404256,0.6480112433433532,A,HIGH,625.9680000000003,5.016200000000006,85.5,2.760410919501848
CMPD_032,SA,4,SA,amide,COc1ccc2nccc(CC[C@H]3OC[C@H](N(C)C(=O)NCCN(O)Cc4ccccc4)CO3)c2c1,0.6025641025641025,0.6408864796161652,A,HIGH,494.5920000000002,3.4503000000000013,96.39,3.050147789936675
